-- phpMyAdmin SQL Dump
-- version 5.2.0
-- https://www.phpmyadmin.net/
--
-- Hôte : 127.0.0.1:3306
-- Généré le : jeu. 06 fév. 2025 à 08:20
-- Version du serveur : 8.0.31
-- Version de PHP : 8.2.0

SET SQL_MODE = "NO_AUTO_VALUE_ON_ZERO";
START TRANSACTION;
SET time_zone = "+00:00";


/*!40101 SET @OLD_CHARACTER_SET_CLIENT=@@CHARACTER_SET_CLIENT */;
/*!40101 SET @OLD_CHARACTER_SET_RESULTS=@@CHARACTER_SET_RESULTS */;
/*!40101 SET @OLD_COLLATION_CONNECTION=@@COLLATION_CONNECTION */;
/*!40101 SET NAMES utf8mb4 */;

--
-- Base de données : `apiplatform25`
--
CREATE DATABASE IF NOT EXISTS `apiplatform25` DEFAULT CHARACTER SET utf8mb4 COLLATE utf8mb4_0900_ai_ci;
USE `apiplatform25`;

-- --------------------------------------------------------

--
-- Structure de la table `customer`
--

DROP TABLE IF EXISTS `customer`;
CREATE TABLE IF NOT EXISTS `customer` (
  `id` int NOT NULL AUTO_INCREMENT,
  `first_name` varchar(255) COLLATE utf8mb4_unicode_ci NOT NULL,
  `last_name` varchar(255) COLLATE utf8mb4_unicode_ci NOT NULL,
  `email` varchar(255) COLLATE utf8mb4_unicode_ci NOT NULL,
  `company` varchar(255) COLLATE utf8mb4_unicode_ci DEFAULT NULL,
  `user_id` int NOT NULL,
  PRIMARY KEY (`id`),
  KEY `IDX_81398E09A76ED395` (`user_id`)
) ENGINE=InnoDB AUTO_INCREMENT=102 DEFAULT CHARSET=utf8mb4 COLLATE=utf8mb4_unicode_ci;

--
-- Déchargement des données de la table `customer`
--

INSERT INTO `customer` (`id`, `first_name`, `last_name`, `email`, `company`, `user_id`) VALUES
(1, 'Margot', 'Marchand', 'claire.pierre@gmail.com', 'Cousin et Fils', 2),
(2, 'Marthe', 'Maillard', 'durand.michelle@dbmail.com', 'Durand Bailly SA', 2),
(3, 'Joseph', 'Gonzalez', 'fgarcia@bruneau.fr', 'Normand', 2),
(4, 'Océane', 'Begue', 'tristan86@sfr.fr', 'Marty Mendes et Fils', 2),
(5, 'Théophile', 'Jacquot', 'louise70@lefebvre.fr', 'Alves Le Gall S.A.', 2),
(6, 'Anne', 'Blanchard', 'jacquot.benjamin@tele2.fr', 'Mallet Duval SARL', 2),
(7, 'Thierry', 'Barbe', 'isabelle12@laposte.net', 'Michel S.A.R.L.', 2),
(8, 'Denis', 'Ribeiro', 'therese83@fischer.org', 'Letellier', 2),
(9, 'Stéphane', 'Turpin', 'nicole50@noos.fr', 'Robin', 2),
(10, 'René', 'Blanchet', 'egoncalves@joseph.com', 'Arnaud Masson S.A.S.', 3),
(11, 'Bernard', 'Lacroix', 'henri.rodriguez@marchal.com', 'Albert', 3),
(12, 'Adèle', 'Laurent', 'anastasie64@hubert.org', 'Ruiz Auger SARL', 3),
(13, 'Gabrielle', 'Martel', 'penelope48@tele2.fr', 'Joubert S.A.S.', 3),
(14, 'William', 'Cousin', 'michel.michelle@yahoo.fr', 'Charles S.A.S.', 3),
(15, 'Roger', 'Allard', 'olivier.elodie@pruvost.fr', 'Vasseur', 3),
(16, 'Christophe', 'Lesage', 'ymenard@royer.com', 'Nicolas Grondin SAS', 3),
(17, 'Édith', 'Guyot', 'dgaillard@noos.fr', 'Chartier', 3),
(18, 'Thibault', 'Carpentier', 'edith.denis@gmail.com', 'Guillou et Fils', 3),
(19, 'Christelle', 'Fouquet', 'nath98@club-internet.fr', 'Remy S.A.', 3),
(20, 'Luc', 'Bousquet', 'olivier.christiane@noos.fr', 'Pelletier', 3),
(21, 'Hugues', 'Delorme', 'vallee.agathe@valette.fr', 'Rousseau SAS', 3),
(22, 'Laurence', 'Cordier', 'jules.martel@gomez.fr', 'Allain Vaillant SARL', 4),
(23, 'Marcel', 'Philippe', 'rodriguez.julien@free.fr', 'Lemaire S.A.R.L.', 4),
(24, 'Thierry', 'Jacob', 'bernadette.prevost@fischer.org', 'Simon S.A.S.', 4),
(25, 'Monique', 'Le Gall', 'maggie07@yahoo.fr', 'Fouquet', 4),
(26, 'Alexandria', 'Salmon', 'lpayet@lagarde.fr', 'Roger Barre et Fils', 4),
(27, 'Alexandria', 'Vallet', 'ididier@wanadoo.fr', 'Chauvin et Fils', 4),
(28, 'Marianne', 'Deschamps', 'alexandrie96@orange.fr', 'Thierry et Fils', 5),
(29, 'Lorraine', 'Marion', 'dguillou@hotmail.fr', 'Lagarde SARL', 5),
(30, 'Océane', 'Gregoire', 'tboyer@noos.fr', 'Joubert Pottier SAS', 5),
(31, 'Susanne', 'Blanchet', 'robert.bouvet@sfr.fr', 'Alves Peltier et Fils', 5),
(32, 'Jérôme', 'David', 'laure85@hotmail.fr', 'Gonzalez SA', 5),
(33, 'René', 'Vincent', 'fernandes.rene@pires.fr', 'Levy et Fils', 5),
(34, 'Noël', 'Leclercq', 'capucine.lemoine@brun.fr', 'Lemaire Herve SAS', 5),
(35, 'Hortense', 'Louis', 'upruvost@club-internet.fr', 'Ferreira SARL', 5),
(36, 'Joseph', 'Menard', 'techer.alfred@laposte.net', 'Schmitt', 6),
(37, 'Grégoire', 'Dumas', 'adele50@texier.fr', 'Bruneau S.A.', 6),
(38, 'Geneviève', 'Etienne', 'anouk26@hoareau.fr', 'Ferrand Humbert S.A.S.', 6),
(39, 'Maryse', 'Lenoir', 'kbazin@imbert.com', 'Lagarde SA', 6),
(40, 'Bernadette', 'Ruiz', 'xavier.monnier@francois.fr', 'Da Costa', 6),
(41, 'Claudine', 'Bernard', 'catherine.etienne@noos.fr', 'Brun et Fils', 6),
(42, 'Dorothée', 'Weiss', 'valentin.suzanne@dbmail.com', 'Joly', 6),
(43, 'Guillaume', 'Charles', 'lbonnet@diallo.fr', 'Reynaud', 6),
(44, 'Michèle', 'Leroy', 'thierry13@legall.fr', 'Pichon S.A.S.', 6),
(45, 'Suzanne', 'Diallo', 'garcia.georges@tele2.fr', 'Toussaint SARL', 6),
(46, 'Dominique', 'Langlois', 'aguillot@laposte.net', 'Chretien', 7),
(47, 'Laetitia', 'Gomes', 'zcosta@dbmail.com', 'Mendes SA', 7),
(48, 'Bernadette', 'Goncalves', 'david.edouard@francois.fr', 'Berger', 7),
(49, 'Jean', 'Noel', 'edouard41@dupre.com', 'Le Goff', 7),
(50, 'Louise', 'Weiss', 'sprevost@schneider.net', 'Le Roux Boyer et Fils', 7),
(51, 'Émilie', 'Lucas', 'henriette75@gauthier.com', 'Paris', 7),
(52, 'David', 'Cousin', 'morvan.dominique@jourdan.fr', 'Marin Clement SARL', 7),
(53, 'Stéphane', 'Blondel', 'wfaivre@dbmail.com', 'Sanchez', 7),
(54, 'Noël', 'Guerin', 'louis.vincent@gmail.com', 'Adam Girard SA', 7),
(55, 'Océane', 'Collet', 'ecollin@orange.fr', 'Henry Adam S.A.S.', 7),
(56, 'Alix', 'Mallet', 'vlemonnier@joseph.org', 'Charpentier', 7),
(57, 'Gilbert', 'Lefevre', 'martin11@blin.fr', 'Bigot', 8),
(58, 'Océane', 'Garcia', 'tristan.chauveau@guichard.fr', 'Marques Fernandes S.A.R.L.', 8),
(59, 'David', 'Munoz', 'vchauveau@dossantos.com', 'Auger S.A.R.L.', 8),
(60, 'Monique', 'Gerard', 'lelievre.auguste@noos.fr', 'Vallet', 8),
(61, 'Marcelle', 'Rossi', 'denis32@pires.fr', 'Martineau S.A.R.L.', 8),
(62, 'Auguste', 'Poulain', 'lucas.edouard@guillet.fr', 'Begue S.A.R.L.', 8),
(63, 'Michel', 'Hamon', 'christophe97@free.fr', 'Giraud', 8),
(64, 'Édouard', 'Jean', 'ygoncalves@baron.com', 'Bernier SARL', 8),
(65, 'Jérôme', 'Bonneau', 'lpetitjean@langlois.com', 'Boulay', 8),
(66, 'Zoé', 'Morvan', 'benoit.marianne@wanadoo.fr', 'Reynaud', 8),
(67, 'Susan', 'Techer', 'christiane48@club-internet.fr', 'Renault Weber S.A.S.', 8),
(68, 'Roland', 'Chauveau', 'cousin.alexandre@langlois.fr', 'Millet S.A.S.', 8),
(69, 'Antoine', 'Martel', 'gabriel.letellier@dbmail.com', 'Dupre', 8),
(70, 'Diane', 'Bertin', 'lucas.marty@club-internet.fr', 'Pierre', 9),
(71, 'Suzanne', 'Loiseau', 'eric.lambert@noos.fr', 'Pelletier', 9),
(72, 'Sabine', 'Daniel', 'nath.diallo@ramos.fr', 'Rey Nicolas SA', 9),
(73, 'Constance', 'Merle', 'suzanne.jacob@orange.fr', 'Becker', 9),
(74, 'Thierry', 'Leger', 'texier.etienne@carlier.fr', 'Adam S.A.R.L.', 9),
(75, 'Diane', 'Perez', 'auguste32@perrot.org', 'Gaillard', 9),
(76, 'Christophe', 'Diallo', 'hortense.grondin@gay.fr', 'Normand S.A.R.L.', 9),
(77, 'Adèle', 'Bonnet', 'guy.dacosta@orange.fr', 'Duval SARL', 9),
(78, 'Joseph', 'Blanchard', 'lucie96@mercier.com', 'Lesage', 10),
(79, 'Matthieu', 'Dos Santos', 'claude30@free.fr', 'Lebreton', 10),
(80, 'Léon', 'Colas', 'marcelle53@gmail.com', 'Charrier S.A.R.L.', 10),
(81, 'Noël', 'Charpentier', 'jvasseur@leduc.net', 'Lefevre', 10),
(82, 'Philippe', 'Barbe', 'franck.martel@gilbert.org', 'Charrier', 10),
(83, 'Marc', 'Mendes', 'raymond.honore@laposte.net', 'Dijoux', 10),
(84, 'Bernard', 'Valette', 'cmartins@carre.org', 'Potier', 10),
(85, 'Aimé', 'Dupont', 'marthe21@roussel.fr', 'Grenier S.A.S.', 10),
(86, 'André', 'Chevalier', 'adelaide29@nicolas.com', 'Dupont Lelievre S.A.R.L.', 10),
(87, 'Raymond', 'Le Gall', 'maurice.paul@jacquet.net', 'Rolland', 10),
(88, 'Hugues', 'Tessier', 'yguyon@club-internet.fr', 'Martel SARL', 10),
(89, 'Thibaut', 'Torres', 'bertrand25@live.com', 'Leclerc Fouquet S.A.S.', 11),
(90, 'Michelle', 'Philippe', 'aurore.vincent@wanadoo.fr', 'David', 11),
(91, 'Margot', 'Chartier', 'calves@roy.com', 'Marion', 11),
(92, 'Dominique', 'Pottier', 'moreau.juliette@gay.net', 'Thierry Mercier S.A.', 11),
(93, 'Christine', 'Germain', 'gchauvin@gregoire.org', 'Munoz S.A.R.L.', 11),
(94, 'Gabrielle', 'Marchand', 'roger51@dijoux.com', 'Michaud', 11),
(95, 'Julie', 'Camus', 'ymasse@jacquot.com', 'Boyer S.A.', 11),
(96, 'Philippine', 'Weber', 'monique63@pereira.com', 'Grenier', 11),
(97, 'Timothée', 'Fischer', 'claire28@regnier.fr', 'Chartier Le Roux et Fils', 11),
(98, 'Frédérique', 'Vallee', 'cleroy@marin.org', 'Maury', 11),
(99, 'Diane', 'Legendre', 'lefort.tristan@orange.fr', 'Leduc', 11),
(100, 'Giordano', 'Berti', 'boderio@epse.be', NULL, 1),
(101, 'boderio', 'Berti', 'boderio@epse.be', NULL, 1);

-- --------------------------------------------------------

--
-- Structure de la table `doctrine_migration_versions`
--

DROP TABLE IF EXISTS `doctrine_migration_versions`;
CREATE TABLE IF NOT EXISTS `doctrine_migration_versions` (
  `version` varchar(191) COLLATE utf8mb3_unicode_ci NOT NULL,
  `executed_at` datetime DEFAULT NULL,
  `execution_time` int DEFAULT NULL,
  PRIMARY KEY (`version`)
) ENGINE=InnoDB DEFAULT CHARSET=utf8mb3 COLLATE=utf8mb3_unicode_ci;

--
-- Déchargement des données de la table `doctrine_migration_versions`
--

INSERT INTO `doctrine_migration_versions` (`version`, `executed_at`, `execution_time`) VALUES
('DoctrineMigrations\\Version20250115103008', '2025-01-20 07:52:42', 177),
('DoctrineMigrations\\Version20250115103758', '2025-01-20 07:52:42', 84),
('DoctrineMigrations\\Version20250115104403', '2025-01-20 07:52:42', 109);

-- --------------------------------------------------------

--
-- Structure de la table `invoice`
--

DROP TABLE IF EXISTS `invoice`;
CREATE TABLE IF NOT EXISTS `invoice` (
  `id` int NOT NULL AUTO_INCREMENT,
  `customer_id` int NOT NULL,
  `amount` double NOT NULL,
  `sent_at` datetime NOT NULL,
  `status` varchar(255) COLLATE utf8mb4_unicode_ci NOT NULL,
  `chrono` int NOT NULL,
  PRIMARY KEY (`id`),
  KEY `IDX_906517449395C3F3` (`customer_id`)
) ENGINE=InnoDB AUTO_INCREMENT=533 DEFAULT CHARSET=utf8mb4 COLLATE=utf8mb4_unicode_ci;

--
-- Déchargement des données de la table `invoice`
--

INSERT INTO `invoice` (`id`, `customer_id`, `amount`, `sent_at`, `status`, `chrono`) VALUES
(1, 1, 3269.87, '2024-12-06 06:16:18', 'SENT', 1),
(2, 1, 3202.76, '2024-10-31 01:17:34', 'SENT', 2),
(3, 1, 1529.35, '2024-07-29 10:19:40', 'PAID', 3),
(4, 1, 1244.37, '2025-01-17 21:35:21', 'SENT', 4),
(5, 1, 539.23, '2024-12-27 07:51:29', 'CANCELLED', 5),
(6, 2, 3040.34, '2025-01-16 04:08:59', 'PAID', 6),
(7, 2, 776.76, '2024-12-30 03:25:20', 'CANCELLED', 7),
(8, 2, 1570.71, '2024-12-29 03:18:22', 'PAID', 8),
(9, 2, 2643.16, '2024-09-30 12:49:20', 'PAID', 9),
(10, 2, 2662.68, '2024-10-12 10:01:42', 'PAID', 10),
(11, 2, 1516.71, '2024-11-20 03:15:24', 'SENT', 11),
(12, 3, 4662.07, '2024-11-06 17:42:21', 'SENT', 12),
(13, 3, 4769.15, '2025-01-10 10:53:11', 'PAID', 13),
(14, 3, 1039.95, '2024-08-30 18:44:48', 'SENT', 14),
(15, 3, 2839.25, '2024-10-20 18:37:40', 'SENT', 15),
(16, 3, 4227.6, '2024-12-05 20:29:03', 'PAID', 16),
(17, 4, 4162.42, '2025-01-14 23:25:14', 'CANCELLED', 17),
(18, 4, 1921.79, '2024-07-30 21:51:03', 'SENT', 18),
(19, 4, 3087.76, '2024-09-08 12:32:56', 'CANCELLED', 19),
(20, 4, 1618.1, '2024-11-03 12:33:37', 'SENT', 20),
(21, 4, 4784.5, '2024-11-06 02:25:24', 'CANCELLED', 21),
(22, 5, 3178.39, '2024-12-08 17:20:08', 'SENT', 22),
(23, 5, 275.49, '2025-01-08 17:04:35', 'CANCELLED', 23),
(24, 5, 1341.53, '2024-10-24 03:03:17', 'PAID', 24),
(25, 5, 3222.76, '2024-08-10 21:37:10', 'PAID', 25),
(26, 6, 1536.44, '2024-09-19 17:02:39', 'SENT', 26),
(27, 6, 3754.97, '2024-11-19 07:00:13', 'PAID', 27),
(28, 6, 697.52, '2024-11-03 17:29:18', 'CANCELLED', 28),
(29, 6, 3513.02, '2024-12-08 05:16:09', 'CANCELLED', 29),
(30, 6, 1360.26, '2025-01-15 17:09:04', 'CANCELLED', 30),
(31, 7, 2601.53, '2024-08-30 21:19:41', 'SENT', 31),
(32, 7, 3949.97, '2024-09-27 07:55:30', 'PAID', 32),
(33, 7, 1920.37, '2024-07-30 19:49:30', 'PAID', 33),
(34, 7, 551.56, '2024-10-04 03:58:33', 'PAID', 34),
(35, 7, 1433.01, '2024-12-21 04:45:53', 'PAID', 35),
(36, 7, 3832.85, '2024-11-28 11:54:37', 'SENT', 36),
(37, 7, 4512.49, '2024-09-04 16:07:26', 'SENT', 37),
(38, 7, 1144.31, '2025-01-14 09:46:09', 'PAID', 38),
(39, 8, 292.11, '2024-09-09 22:35:53', 'PAID', 39),
(40, 8, 484.31, '2024-10-05 04:01:52', 'SENT', 40),
(41, 8, 1313.32, '2024-08-14 12:53:28', 'PAID', 41),
(42, 8, 4879.13, '2024-10-18 19:14:44', 'CANCELLED', 42),
(43, 8, 2504.7, '2024-09-05 17:06:36', 'PAID', 43),
(44, 8, 2973.23, '2024-11-16 08:46:41', 'SENT', 44),
(45, 8, 2836.02, '2024-12-10 17:05:45', 'PAID', 45),
(46, 8, 621.1, '2024-10-15 07:58:18', 'SENT', 46),
(47, 9, 3065.7, '2024-08-05 21:39:11', 'PAID', 47),
(48, 9, 651.77, '2024-12-28 01:27:28', 'PAID', 48),
(49, 9, 1036.22, '2024-09-10 10:13:05', 'CANCELLED', 49),
(50, 9, 4295.17, '2025-01-10 12:34:50', 'SENT', 50),
(51, 9, 3572.27, '2024-08-09 12:40:07', 'SENT', 51),
(52, 9, 810.83, '2025-01-02 03:04:20', 'PAID', 52),
(53, 10, 4109.89, '2024-07-24 16:56:19', 'PAID', 1),
(54, 10, 2558, '2024-12-02 05:18:38', 'CANCELLED', 2),
(55, 10, 570.47, '2024-11-18 15:37:30', 'SENT', 3),
(56, 10, 726.73, '2024-08-31 01:03:08', 'SENT', 4),
(57, 10, 3901.14, '2024-09-08 16:55:40', 'PAID', 5),
(58, 11, 519.17, '2024-10-10 18:15:52', 'CANCELLED', 6),
(59, 11, 1747.42, '2025-01-04 11:48:14', 'SENT', 7),
(60, 11, 1551.67, '2024-11-12 02:40:08', 'CANCELLED', 8),
(61, 11, 4111.92, '2024-09-26 19:01:04', 'SENT', 9),
(62, 11, 1844.39, '2024-08-15 17:06:16', 'PAID', 10),
(63, 11, 2018.36, '2024-08-01 20:23:32', 'SENT', 11),
(64, 11, 4758.04, '2024-08-26 11:54:20', 'SENT', 12),
(65, 11, 2781.73, '2024-08-31 15:22:58', 'SENT', 13),
(66, 12, 2892.86, '2024-12-11 00:29:09', 'PAID', 14),
(67, 12, 1820.2, '2024-11-23 19:32:44', 'PAID', 15),
(68, 12, 2381.9, '2024-09-05 17:59:40', 'CANCELLED', 16),
(69, 12, 3492.96, '2024-11-23 01:10:19', 'CANCELLED', 17),
(70, 13, 2344.07, '2025-01-02 23:48:54', 'CANCELLED', 18),
(71, 13, 4087.59, '2024-08-30 14:05:53', 'CANCELLED', 19),
(72, 13, 2642.09, '2025-01-10 04:36:44', 'PAID', 20),
(73, 13, 4629.25, '2024-09-01 00:34:24', 'SENT', 21),
(74, 13, 3827.84, '2025-01-17 18:45:36', 'PAID', 22),
(75, 13, 2331.21, '2024-09-02 11:29:55', 'SENT', 23),
(76, 14, 4553.22, '2024-10-04 19:41:53', 'SENT', 24),
(77, 14, 4332.77, '2024-11-24 23:19:04', 'PAID', 25),
(78, 14, 4319.89, '2024-08-07 07:57:40', 'PAID', 26),
(79, 14, 2505.38, '2024-11-06 12:50:01', 'SENT', 27),
(80, 14, 2793.1, '2025-01-10 08:16:25', 'PAID', 28),
(81, 15, 571.27, '2025-01-02 00:11:03', 'SENT', 29),
(82, 15, 1978.3, '2024-11-29 08:04:42', 'SENT', 30),
(83, 15, 4489.7, '2024-12-11 08:04:28', 'PAID', 31),
(84, 15, 4475.31, '2024-11-17 10:03:18', 'SENT', 32),
(85, 15, 2415.72, '2024-08-12 04:22:23', 'CANCELLED', 33),
(86, 15, 2285.05, '2024-12-03 06:49:54', 'SENT', 34),
(87, 15, 1880.61, '2024-09-09 10:29:59', 'SENT', 35),
(88, 15, 4031.62, '2024-11-04 07:57:29', 'PAID', 36),
(89, 16, 441.74, '2024-10-30 07:08:09', 'SENT', 37),
(90, 16, 4402.02, '2024-10-18 19:23:12', 'SENT', 38),
(91, 16, 4646.62, '2024-07-28 18:14:40', 'PAID', 39),
(92, 17, 4851.78, '2024-08-12 12:56:34', 'CANCELLED', 40),
(93, 17, 713.13, '2024-11-13 02:48:09', 'SENT', 41),
(94, 17, 918.11, '2024-09-26 10:44:21', 'SENT', 42),
(95, 17, 2682.64, '2024-11-05 03:49:26', 'PAID', 43),
(96, 17, 4647.14, '2024-11-26 02:28:33', 'CANCELLED', 44),
(97, 18, 1285.79, '2024-08-24 18:39:13', 'PAID', 45),
(98, 18, 2043.79, '2024-10-24 23:20:49', 'CANCELLED', 46),
(99, 18, 3221.79, '2024-12-19 10:51:53', 'PAID', 47),
(100, 18, 534.93, '2024-08-24 04:04:30', 'SENT', 48),
(101, 18, 855.39, '2024-08-13 03:10:19', 'SENT', 49),
(102, 19, 866.17, '2024-07-24 17:54:55', 'PAID', 50),
(103, 19, 2279.04, '2025-01-13 10:37:35', 'SENT', 51),
(104, 19, 2719.7, '2024-10-10 15:47:24', 'SENT', 52),
(105, 19, 775.96, '2024-11-14 05:17:09', 'CANCELLED', 53),
(106, 19, 1354.59, '2024-12-19 04:17:20', 'CANCELLED', 54),
(107, 19, 460.9, '2024-12-08 01:10:48', 'PAID', 55),
(108, 20, 3111.79, '2024-11-01 22:06:03', 'PAID', 56),
(109, 20, 4597.56, '2024-11-21 17:53:06', 'PAID', 57),
(110, 20, 4097.77, '2024-09-27 18:51:11', 'PAID', 58),
(111, 20, 2903.98, '2024-10-14 00:06:05', 'CANCELLED', 59),
(112, 20, 4909.92, '2024-08-17 02:30:32', 'SENT', 60),
(113, 21, 983.48, '2024-12-01 03:49:15', 'SENT', 61),
(114, 21, 704.96, '2024-10-31 09:19:26', 'SENT', 62),
(115, 21, 3956.13, '2024-10-15 09:45:06', 'SENT', 63),
(116, 21, 1220.2, '2024-10-22 21:47:17', 'SENT', 64),
(117, 21, 845.67, '2024-10-31 03:10:20', 'SENT', 65),
(118, 22, 4386.46, '2024-10-12 14:21:37', 'PAID', 1),
(119, 22, 571.93, '2024-08-27 14:41:05', 'PAID', 2),
(120, 22, 2305.59, '2024-08-01 13:08:49', 'CANCELLED', 3),
(121, 22, 3090.98, '2024-08-07 03:19:48', 'SENT', 4),
(122, 22, 1012.12, '2024-12-30 17:28:50', 'SENT', 5),
(123, 23, 464.43, '2024-10-23 23:48:42', 'CANCELLED', 6),
(124, 23, 2988.84, '2024-07-27 06:01:45', 'CANCELLED', 7),
(125, 23, 1517.41, '2024-11-25 05:10:14', 'PAID', 8),
(126, 23, 4755.37, '2024-08-03 22:10:21', 'PAID', 9),
(127, 23, 1492.7, '2024-07-26 23:26:17', 'PAID', 10),
(128, 23, 4662.11, '2024-11-13 14:12:38', 'SENT', 11),
(129, 23, 1140.26, '2024-12-14 00:23:38', 'PAID', 12),
(130, 24, 1408.45, '2024-08-17 17:29:23', 'PAID', 13),
(131, 24, 806.99, '2024-09-25 01:22:15', 'PAID', 14),
(132, 24, 1674.01, '2025-01-06 15:59:42', 'CANCELLED', 15),
(133, 24, 2341.18, '2024-08-31 22:41:58', 'SENT', 16),
(134, 25, 3511.68, '2024-08-10 08:25:37', 'PAID', 17),
(135, 25, 693.57, '2024-11-22 19:25:43', 'SENT', 18),
(136, 25, 3141.18, '2024-11-13 03:39:44', 'SENT', 19),
(137, 25, 3889.05, '2024-08-04 08:29:23', 'CANCELLED', 20),
(138, 25, 1540.37, '2024-08-02 03:15:11', 'SENT', 21),
(139, 25, 2201.72, '2024-11-27 00:58:16', 'PAID', 22),
(140, 25, 4028.56, '2024-08-29 11:45:41', 'CANCELLED', 23),
(141, 26, 3532.47, '2024-12-24 13:35:46', 'SENT', 24),
(142, 26, 4000.27, '2024-10-27 04:38:11', 'SENT', 25),
(143, 26, 1461.02, '2024-12-10 03:37:20', 'SENT', 26),
(144, 26, 3482.9, '2024-10-30 04:44:55', 'SENT', 27),
(145, 27, 796.23, '2024-10-09 19:10:03', 'PAID', 28),
(146, 27, 4518.71, '2024-11-06 01:06:52', 'CANCELLED', 29),
(147, 27, 502.8, '2024-08-13 18:58:46', 'SENT', 30),
(148, 28, 3782.42, '2024-10-21 15:58:00', 'PAID', 1),
(149, 28, 2051.45, '2024-12-27 14:09:33', 'SENT', 2),
(150, 28, 1631.45, '2024-08-06 18:36:10', 'PAID', 3),
(151, 29, 2045.68, '2025-01-07 16:10:31', 'PAID', 4),
(152, 29, 3625.25, '2024-09-25 14:47:18', 'SENT', 5),
(153, 29, 1850.23, '2024-08-17 06:35:41', 'PAID', 6),
(154, 29, 1127.2, '2024-10-17 04:44:50', 'CANCELLED', 7),
(155, 30, 4774.63, '2024-12-24 10:42:53', 'SENT', 8),
(156, 30, 4829.3, '2024-12-15 04:01:28', 'PAID', 9),
(157, 30, 1097.85, '2025-01-12 19:53:03', 'PAID', 10),
(158, 30, 4074.64, '2024-11-15 22:03:15', 'PAID', 11),
(159, 30, 2062.39, '2024-11-18 11:44:55', 'PAID', 12),
(160, 30, 411.98, '2024-08-24 06:04:02', 'SENT', 13),
(161, 31, 4983.85, '2024-08-28 02:53:26', 'CANCELLED', 14),
(162, 31, 3610.16, '2024-12-12 17:06:25', 'PAID', 15),
(163, 31, 4025, '2024-12-14 00:45:25', 'CANCELLED', 16),
(164, 31, 3908.17, '2024-08-03 01:28:49', 'PAID', 17),
(165, 31, 444.75, '2024-10-09 18:27:08', 'PAID', 18),
(166, 32, 3581.24, '2024-10-10 09:46:02', 'CANCELLED', 19),
(167, 32, 886.21, '2024-08-03 10:18:54', 'CANCELLED', 20),
(168, 32, 2300.99, '2024-08-10 22:21:14', 'CANCELLED', 21),
(169, 32, 2139.68, '2024-07-25 09:57:42', 'PAID', 22),
(170, 32, 4982.34, '2024-08-17 18:57:29', 'CANCELLED', 23),
(171, 33, 1277.06, '2024-12-31 13:19:14', 'SENT', 24),
(172, 33, 4924.52, '2024-07-23 15:21:09', 'CANCELLED', 25),
(173, 33, 3866.79, '2024-12-31 10:26:31', 'PAID', 26),
(174, 33, 1975.69, '2024-12-11 16:42:44', 'CANCELLED', 27),
(175, 33, 2407.13, '2024-12-11 10:41:10', 'CANCELLED', 28),
(176, 34, 4632.41, '2024-09-29 05:48:31', 'PAID', 29),
(177, 34, 3565.6, '2024-10-20 06:42:07', 'PAID', 30),
(178, 34, 2747.28, '2025-01-07 08:16:39', 'SENT', 31),
(179, 34, 2210.26, '2024-07-31 16:36:02', 'PAID', 32),
(180, 34, 3185.74, '2024-09-03 17:37:05', 'SENT', 33),
(181, 35, 4081.53, '2024-11-26 05:21:44', 'CANCELLED', 34),
(182, 35, 4626.88, '2024-11-02 08:12:56', 'SENT', 35),
(183, 35, 4283.94, '2024-08-28 03:40:58', 'PAID', 36),
(184, 35, 3447.73, '2024-09-18 06:41:26', 'CANCELLED', 37),
(185, 35, 3056.55, '2024-08-17 20:09:15', 'CANCELLED', 38),
(186, 35, 1503.34, '2024-09-28 06:55:43', 'CANCELLED', 39),
(187, 35, 3515.77, '2024-08-21 21:47:13', 'PAID', 40),
(188, 35, 3830.01, '2024-10-27 14:44:05', 'PAID', 41),
(189, 36, 1211.2, '2024-08-29 20:27:00', 'SENT', 1),
(190, 36, 2491.48, '2025-01-15 10:41:55', 'CANCELLED', 2),
(191, 36, 2262.45, '2024-07-29 18:59:18', 'PAID', 3),
(192, 36, 2729.85, '2024-12-11 23:26:43', 'CANCELLED', 4),
(193, 37, 4778.34, '2024-12-08 11:29:48', 'CANCELLED', 5),
(194, 37, 732.83, '2024-11-23 06:32:22', 'CANCELLED', 6),
(195, 37, 4136.06, '2024-09-03 16:07:14', 'SENT', 7),
(196, 37, 4875.25, '2024-10-10 09:41:51', 'SENT', 8),
(197, 37, 2598.96, '2025-01-16 05:31:28', 'CANCELLED', 9),
(198, 38, 2428.14, '2024-09-22 07:52:57', 'PAID', 10),
(199, 38, 1748.32, '2024-11-03 19:45:48', 'CANCELLED', 11),
(200, 38, 4095.01, '2024-12-01 23:23:05', 'CANCELLED', 12),
(201, 38, 1807.56, '2025-01-05 15:00:02', 'CANCELLED', 13),
(202, 38, 378.54, '2024-09-19 14:48:10', 'CANCELLED', 14),
(203, 39, 3136.91, '2024-07-23 23:14:53', 'SENT', 15),
(204, 39, 4820.7, '2024-09-28 00:13:16', 'SENT', 16),
(205, 39, 1119.35, '2024-11-10 12:10:00', 'SENT', 17),
(206, 39, 681.75, '2025-01-17 10:56:32', 'CANCELLED', 18),
(207, 39, 670.56, '2024-12-25 02:05:23', 'SENT', 19),
(208, 40, 2689.35, '2024-12-12 19:01:54', 'SENT', 20),
(209, 40, 1902.06, '2024-12-13 01:18:40', 'SENT', 21),
(210, 40, 4837.65, '2024-12-05 07:31:48', 'SENT', 22),
(211, 41, 2181.08, '2024-08-20 13:16:49', 'PAID', 23),
(212, 41, 1827.47, '2024-08-23 13:58:58', 'SENT', 24),
(213, 41, 1596.82, '2024-08-20 22:21:47', 'SENT', 25),
(214, 41, 660.88, '2024-07-25 07:24:49', 'PAID', 26),
(215, 42, 1837.54, '2024-12-29 06:28:20', 'PAID', 27),
(216, 42, 871.8, '2024-07-29 23:31:17', 'CANCELLED', 28),
(217, 42, 1884.57, '2025-01-02 14:00:23', 'PAID', 29),
(218, 42, 534.13, '2024-11-30 11:38:12', 'CANCELLED', 30),
(219, 42, 3104.12, '2024-08-05 15:29:35', 'CANCELLED', 31),
(220, 42, 1188.82, '2024-12-19 14:08:20', 'CANCELLED', 32),
(221, 42, 4662.42, '2024-12-14 23:38:40', 'SENT', 33),
(222, 43, 1795.61, '2024-09-04 05:53:19', 'PAID', 34),
(223, 43, 3538.09, '2024-08-02 12:40:54', 'CANCELLED', 35),
(224, 43, 3402.3, '2024-09-13 23:13:26', 'CANCELLED', 36),
(225, 43, 2627.44, '2025-01-06 03:50:42', 'PAID', 37),
(226, 43, 3825.58, '2024-10-04 03:51:48', 'SENT', 38),
(227, 43, 1339.22, '2024-10-26 19:04:03', 'CANCELLED', 39),
(228, 44, 2286.91, '2024-10-24 02:38:34', 'CANCELLED', 40),
(229, 44, 2236.85, '2024-11-29 16:58:36', 'PAID', 41),
(230, 44, 640.16, '2024-11-02 18:00:18', 'SENT', 42),
(231, 44, 4949.98, '2024-08-23 15:09:59', 'CANCELLED', 43),
(232, 44, 3327.74, '2024-10-21 01:26:14', 'CANCELLED', 44),
(233, 44, 2073.09, '2024-09-22 02:53:47', 'CANCELLED', 45),
(234, 44, 289.33, '2024-12-29 21:18:20', 'PAID', 46),
(235, 44, 3870.22, '2024-10-02 04:01:28', 'PAID', 47),
(236, 45, 2651, '2025-01-14 02:23:47', 'PAID', 48),
(237, 45, 1439.47, '2024-08-22 17:59:30', 'CANCELLED', 49),
(238, 45, 3038.61, '2024-11-03 10:59:32', 'PAID', 50),
(239, 45, 458.45, '2024-11-04 00:19:36', 'PAID', 51),
(240, 46, 3578.57, '2024-08-06 10:24:12', 'CANCELLED', 1),
(241, 46, 3945.21, '2024-12-10 12:13:57', 'SENT', 2),
(242, 46, 4295.5, '2024-07-20 16:00:58', 'PAID', 3),
(243, 46, 3012.71, '2024-09-19 22:48:51', 'CANCELLED', 4),
(244, 46, 2141.04, '2024-08-07 03:21:54', 'SENT', 5),
(245, 47, 4347.14, '2025-01-16 09:29:45', 'CANCELLED', 6),
(246, 47, 4119.21, '2025-01-02 05:38:40', 'CANCELLED', 7),
(247, 47, 1118.33, '2024-09-13 15:47:15', 'SENT', 8),
(248, 47, 4697.02, '2024-12-30 16:36:38', 'PAID', 9),
(249, 48, 615.13, '2025-01-11 16:30:43', 'SENT', 10),
(250, 48, 3250.79, '2024-12-06 09:25:47', 'SENT', 11),
(251, 48, 622.57, '2024-08-10 06:43:36', 'PAID', 12),
(252, 48, 3500.56, '2024-07-24 07:02:39', 'CANCELLED', 13),
(253, 48, 2773.43, '2024-10-20 17:41:47', 'PAID', 14),
(254, 48, 932.4, '2024-10-11 04:25:48', 'PAID', 15),
(255, 49, 4613.08, '2024-08-15 22:08:07', 'CANCELLED', 16),
(256, 49, 4559.12, '2024-11-24 13:27:17', 'PAID', 17),
(257, 49, 1898.05, '2024-09-26 06:16:02', 'PAID', 18),
(258, 49, 2344.93, '2024-10-29 04:27:04', 'CANCELLED', 19),
(259, 49, 4243.09, '2025-01-16 09:09:54', 'PAID', 20),
(260, 49, 1463.13, '2024-07-22 17:13:50', 'CANCELLED', 21),
(261, 50, 1583.59, '2024-08-31 13:53:59', 'SENT', 22),
(262, 50, 2772.58, '2025-01-14 21:24:08', 'PAID', 23),
(263, 50, 3437.21, '2024-09-09 15:01:58', 'CANCELLED', 24),
(264, 50, 4282.34, '2024-12-16 23:41:07', 'SENT', 25),
(265, 50, 1087.83, '2024-10-09 13:03:14', 'SENT', 26),
(266, 50, 1466.97, '2024-08-19 16:08:47', 'SENT', 27),
(267, 51, 3412.47, '2024-10-26 09:48:59', 'CANCELLED', 28),
(268, 51, 3144.84, '2024-11-05 05:20:35', 'SENT', 29),
(269, 51, 2822.25, '2024-08-09 21:05:27', 'PAID', 30),
(270, 51, 1444.26, '2024-07-28 08:05:03', 'PAID', 31),
(271, 51, 4582.16, '2024-08-11 22:17:44', 'CANCELLED', 32),
(272, 52, 1323.12, '2024-09-06 07:49:38', 'PAID', 33),
(273, 52, 920.47, '2024-09-18 09:37:39', 'CANCELLED', 34),
(274, 52, 435.5, '2024-09-13 14:50:22', 'CANCELLED', 35),
(275, 52, 4015.57, '2024-11-30 12:45:23', 'SENT', 36),
(276, 53, 787.72, '2024-12-22 06:28:24', 'SENT', 37),
(277, 53, 4142.36, '2024-11-05 21:35:17', 'SENT', 38),
(278, 53, 640.25, '2024-12-30 23:21:09', 'PAID', 39),
(279, 53, 1963.12, '2024-12-08 19:09:45', 'PAID', 40),
(280, 53, 3351.23, '2024-09-26 20:57:01', 'PAID', 41),
(281, 54, 1976, '2024-07-20 21:37:02', 'PAID', 42),
(282, 54, 863.85, '2024-09-01 11:34:06', 'SENT', 43),
(283, 54, 3885.6, '2024-08-01 14:49:41', 'CANCELLED', 44),
(284, 54, 962.01, '2024-10-18 20:09:09', 'CANCELLED', 45),
(285, 54, 2960.58, '2024-07-20 15:17:55', 'PAID', 46),
(286, 54, 1547.57, '2024-08-30 07:12:18', 'PAID', 47),
(287, 55, 3285.93, '2024-08-26 20:32:43', 'CANCELLED', 48),
(288, 55, 3467.59, '2024-12-26 20:33:52', 'SENT', 49),
(289, 55, 2361.82, '2024-11-03 12:25:37', 'CANCELLED', 50),
(290, 56, 4477.79, '2024-11-15 11:05:41', 'SENT', 51),
(291, 56, 2137.63, '2024-12-06 02:43:35', 'CANCELLED', 52),
(292, 56, 2182.57, '2025-01-01 18:43:54', 'SENT', 53),
(293, 56, 4090.11, '2024-08-10 05:01:58', 'SENT', 54),
(294, 56, 1225.5, '2024-09-12 06:39:09', 'SENT', 55),
(295, 56, 4624.48, '2024-09-25 14:43:48', 'SENT', 56),
(296, 57, 4598.96, '2024-08-27 21:26:12', 'SENT', 1),
(297, 57, 254.91, '2024-08-18 14:09:54', 'PAID', 4),
(298, 57, 1027.48, '2024-08-20 22:48:52', 'PAID', 3),
(299, 57, 2724.51, '2025-01-16 12:47:38', 'CANCELLED', 4),
(300, 58, 1265.63, '2025-01-16 15:25:21', 'SENT', 5),
(301, 58, 2862.32, '2024-08-24 18:51:45', 'CANCELLED', 6),
(302, 58, 4978.66, '2024-08-08 03:04:09', 'CANCELLED', 7),
(303, 58, 2635.73, '2024-07-28 17:46:05', 'SENT', 8),
(304, 58, 1321.86, '2024-08-27 05:31:42', 'SENT', 9),
(305, 59, 4857.14, '2024-07-31 05:55:25', 'CANCELLED', 10),
(306, 59, 4544.21, '2024-09-23 03:03:27', 'CANCELLED', 11),
(307, 59, 488.5, '2024-10-17 21:30:12', 'SENT', 12),
(308, 59, 2676.41, '2024-12-10 20:21:18', 'SENT', 13),
(309, 59, 2280.83, '2024-09-26 00:32:25', 'PAID', 14),
(310, 60, 2820.03, '2024-09-07 20:21:20', 'CANCELLED', 15),
(311, 60, 308.71, '2024-12-04 19:02:01', 'PAID', 16),
(312, 60, 2662.08, '2024-12-03 19:09:40', 'SENT', 17),
(313, 61, 3581.99, '2024-10-05 17:36:13', 'SENT', 18),
(314, 61, 3638.97, '2024-12-26 00:31:36', 'CANCELLED', 19),
(315, 61, 4187.45, '2024-12-26 02:31:19', 'CANCELLED', 20),
(316, 61, 1826.25, '2024-11-02 12:46:07', 'SENT', 21),
(317, 61, 3521.16, '2024-11-09 01:54:17', 'CANCELLED', 22),
(318, 62, 3068, '2024-11-03 15:22:54', 'SENT', 23),
(319, 62, 3167.24, '2024-10-13 06:11:08', 'SENT', 24),
(320, 62, 4636.67, '2024-09-16 09:01:11', 'PAID', 25),
(321, 62, 4717.22, '2024-08-09 04:04:28', 'PAID', 26),
(322, 62, 1265.43, '2024-11-13 13:54:40', 'CANCELLED', 27),
(323, 62, 3279.29, '2024-10-10 07:51:16', 'PAID', 28),
(324, 62, 2186.96, '2024-12-10 19:38:31', 'PAID', 29),
(325, 63, 1769.21, '2024-11-17 12:43:18', 'CANCELLED', 30),
(326, 63, 1215.52, '2024-10-04 00:45:36', 'CANCELLED', 31),
(327, 63, 1227.8, '2024-10-11 17:49:04', 'CANCELLED', 32),
(328, 63, 4240.38, '2025-01-04 18:41:39', 'SENT', 33),
(329, 63, 2137.9, '2024-10-19 20:18:46', 'SENT', 34),
(330, 63, 983.56, '2024-09-27 11:19:26', 'CANCELLED', 35),
(331, 63, 3375.08, '2024-09-07 13:39:06', 'SENT', 36),
(332, 64, 2861.69, '2024-11-06 23:53:25', 'SENT', 37),
(333, 64, 3937.38, '2024-08-16 02:11:52', 'PAID', 38),
(334, 64, 3476.27, '2024-07-26 23:31:05', 'SENT', 39),
(335, 64, 1599.52, '2024-08-25 16:49:28', 'CANCELLED', 40),
(336, 64, 4638.84, '2024-11-01 06:33:47', 'SENT', 41),
(337, 65, 3503.13, '2025-01-12 14:54:26', 'PAID', 42),
(338, 65, 3486.67, '2024-12-12 17:31:41', 'SENT', 43),
(339, 65, 4131.36, '2024-12-21 13:13:56', 'PAID', 44),
(340, 66, 2224.03, '2024-10-06 09:01:37', 'PAID', 45),
(341, 66, 663.94, '2024-07-24 11:07:19', 'CANCELLED', 46),
(342, 66, 4886.94, '2024-11-20 06:16:51', 'PAID', 47),
(343, 66, 1622.56, '2024-08-27 22:34:12', 'CANCELLED', 48),
(344, 66, 455.82, '2024-10-09 12:44:41', 'SENT', 49),
(345, 66, 3418.71, '2024-10-10 10:12:17', 'SENT', 50),
(346, 66, 1649.03, '2024-10-11 23:52:35', 'PAID', 51),
(347, 66, 1195.2, '2024-08-15 09:33:59', 'CANCELLED', 52),
(348, 67, 1633.76, '2024-08-23 04:19:57', 'CANCELLED', 53),
(349, 67, 4069.79, '2024-08-15 23:05:54', 'CANCELLED', 54),
(350, 67, 1198.79, '2024-10-18 18:55:32', 'SENT', 55),
(351, 67, 2881.04, '2024-11-22 05:52:34', 'PAID', 56),
(352, 68, 2555.19, '2025-01-15 11:16:57', 'CANCELLED', 57),
(353, 68, 4365.75, '2024-11-17 18:59:13', 'SENT', 58),
(354, 68, 1338.54, '2025-01-06 18:39:00', 'CANCELLED', 59),
(355, 69, 339.98, '2024-09-02 02:53:38', 'PAID', 60),
(356, 69, 4153.32, '2024-10-02 17:28:59', 'CANCELLED', 61),
(357, 69, 3415.98, '2024-09-26 10:34:07', 'CANCELLED', 62),
(358, 69, 1904.63, '2025-01-11 19:15:05', 'CANCELLED', 63),
(359, 69, 2029.2, '2024-07-27 01:43:39', 'SENT', 64),
(360, 70, 4015.36, '2024-08-15 00:11:02', 'CANCELLED', 1),
(361, 70, 1358.13, '2024-07-28 11:19:55', 'SENT', 2),
(362, 70, 1463.17, '2024-10-11 18:26:17', 'PAID', 3),
(363, 70, 4031.38, '2024-09-18 12:47:45', 'SENT', 4),
(364, 71, 582.7, '2024-11-26 21:07:49', 'PAID', 5),
(365, 71, 2700.31, '2025-01-09 06:39:25', 'CANCELLED', 6),
(366, 71, 3145.39, '2024-11-18 10:36:30', 'SENT', 7),
(367, 71, 1448.63, '2025-01-01 11:20:23', 'SENT', 8),
(368, 71, 4748.09, '2024-12-11 06:10:54', 'PAID', 9),
(369, 71, 4352.31, '2024-12-24 19:29:22', 'SENT', 10),
(370, 71, 2871.32, '2025-01-06 09:57:54', 'PAID', 11),
(371, 72, 4264.15, '2024-09-01 00:58:29', 'SENT', 12),
(372, 72, 2926.24, '2024-12-12 12:55:52', 'CANCELLED', 13),
(373, 72, 3193.44, '2024-12-10 20:34:19', 'CANCELLED', 14),
(374, 72, 3807.45, '2024-10-23 17:42:50', 'PAID', 15),
(375, 72, 4157.96, '2024-09-14 14:55:37', 'CANCELLED', 16),
(376, 73, 1103.25, '2024-10-28 00:42:45', 'CANCELLED', 17),
(377, 73, 2376.55, '2024-12-04 19:47:14', 'SENT', 18),
(378, 73, 1447.43, '2024-07-26 02:13:10', 'CANCELLED', 19),
(379, 74, 4157.84, '2024-11-04 10:33:24', 'SENT', 20),
(380, 74, 465.03, '2025-01-03 03:10:06', 'CANCELLED', 21),
(381, 74, 674.12, '2024-09-08 05:36:01', 'SENT', 22),
(382, 74, 315.1, '2024-09-03 16:16:16', 'SENT', 23),
(383, 74, 553.07, '2024-09-08 08:58:40', 'CANCELLED', 24),
(384, 74, 4073.36, '2024-08-08 12:38:23', 'PAID', 25),
(385, 75, 4913.26, '2025-01-17 01:06:32', 'PAID', 26),
(386, 75, 2311.49, '2024-09-22 23:08:28', 'PAID', 27),
(387, 75, 3047.11, '2024-10-27 03:50:53', 'PAID', 28),
(388, 75, 497.42, '2024-12-13 02:33:29', 'PAID', 29),
(389, 75, 3750.7, '2024-12-05 21:48:03', 'PAID', 30),
(390, 76, 4373.41, '2025-01-16 08:32:24', 'PAID', 31),
(391, 76, 3517.55, '2025-01-13 11:32:05', 'PAID', 32),
(392, 76, 2184.44, '2024-09-25 13:35:35', 'CANCELLED', 33),
(393, 76, 3462.45, '2024-12-19 20:58:54', 'CANCELLED', 34),
(394, 76, 3986.77, '2024-10-17 14:16:44', 'SENT', 35),
(395, 76, 1593.68, '2024-10-10 12:11:44', 'CANCELLED', 36),
(396, 77, 287.21, '2024-08-05 15:36:13', 'SENT', 37),
(397, 77, 4287.71, '2024-08-29 19:06:26', 'CANCELLED', 38),
(398, 77, 1395.35, '2024-11-05 01:41:42', 'SENT', 39),
(399, 77, 4965.46, '2024-12-25 11:58:19', 'CANCELLED', 40),
(400, 77, 1873.26, '2024-10-27 13:17:09', 'CANCELLED', 41),
(401, 77, 2738.11, '2024-08-04 13:39:44', 'PAID', 42),
(402, 77, 1147.27, '2024-07-22 18:49:50', 'SENT', 43),
(403, 77, 463.63, '2025-01-15 13:08:19', 'PAID', 44),
(404, 78, 1658.52, '2024-11-05 13:32:30', 'CANCELLED', 1),
(405, 78, 2886.01, '2024-11-19 03:30:08', 'CANCELLED', 2),
(406, 78, 2771.93, '2024-11-26 04:29:29', 'PAID', 3),
(407, 78, 1096.19, '2025-01-08 19:23:10', 'CANCELLED', 4),
(408, 78, 1985.43, '2024-12-04 16:50:06', 'PAID', 5),
(409, 79, 1147.29, '2024-08-11 00:45:57', 'CANCELLED', 6),
(410, 79, 4833.08, '2024-12-10 13:00:54', 'PAID', 7),
(411, 79, 3581.03, '2024-09-09 01:51:40', 'PAID', 8),
(412, 79, 1163.57, '2024-10-24 03:07:30', 'SENT', 9),
(413, 79, 4601.14, '2024-10-17 17:19:35', 'PAID', 10),
(414, 79, 602.55, '2024-09-18 01:16:16', 'CANCELLED', 11),
(415, 80, 1447.73, '2024-09-08 16:55:45', 'PAID', 12),
(416, 80, 2921.68, '2024-10-25 10:40:13', 'PAID', 13),
(417, 80, 4647.7, '2024-07-31 02:32:49', 'CANCELLED', 14),
(418, 80, 2321.7, '2024-12-02 18:58:51', 'PAID', 15),
(419, 80, 1763.9, '2024-12-30 07:04:25', 'PAID', 16),
(420, 80, 2585.58, '2024-10-20 03:41:19', 'PAID', 17),
(421, 80, 4333, '2024-10-14 21:01:45', 'SENT', 18),
(422, 80, 1018.42, '2024-09-04 13:37:34', 'SENT', 19),
(423, 81, 1063.18, '2024-10-20 00:55:06', 'SENT', 20),
(424, 81, 3429.16, '2024-10-19 08:53:27', 'CANCELLED', 21),
(425, 81, 3115.47, '2024-09-27 20:05:20', 'CANCELLED', 22),
(426, 81, 405.55, '2024-10-09 11:36:47', 'CANCELLED', 23),
(427, 82, 1484.12, '2024-12-20 23:47:47', 'PAID', 24),
(428, 82, 4832.56, '2024-12-26 22:51:43', 'PAID', 25),
(429, 82, 3960.25, '2024-08-05 22:39:17', 'CANCELLED', 26),
(430, 82, 456.48, '2024-09-22 04:44:35', 'PAID', 27),
(431, 82, 2287.08, '2024-11-06 05:49:58', 'PAID', 28),
(432, 82, 4763.35, '2025-01-10 19:18:29', 'SENT', 29),
(433, 83, 2039.18, '2024-11-17 19:57:27', 'CANCELLED', 30),
(434, 83, 2453.02, '2024-10-06 02:05:14', 'SENT', 31),
(435, 83, 2101, '2024-10-18 11:50:08', 'CANCELLED', 32),
(436, 83, 842.03, '2024-12-17 12:50:11', 'CANCELLED', 33),
(437, 83, 3679.99, '2024-10-15 13:48:48', 'PAID', 34),
(438, 83, 1706.09, '2024-08-02 18:52:26', 'CANCELLED', 35),
(439, 83, 270.04, '2024-12-28 03:17:59', 'PAID', 36),
(440, 84, 1205.29, '2025-01-01 22:00:09', 'CANCELLED', 37),
(441, 84, 3361.72, '2024-11-05 15:43:32', 'CANCELLED', 38),
(442, 84, 801.38, '2024-09-22 02:31:40', 'PAID', 39),
(443, 84, 3133.19, '2024-09-02 05:49:40', 'SENT', 40),
(444, 84, 3340.32, '2024-12-01 17:57:04', 'SENT', 41),
(445, 85, 767.12, '2024-10-01 15:26:05', 'SENT', 42),
(446, 85, 3913.19, '2024-11-22 00:35:28', 'CANCELLED', 43),
(447, 85, 2141.48, '2024-09-30 05:21:57', 'PAID', 44),
(448, 86, 1180.13, '2024-09-16 00:36:40', 'CANCELLED', 45),
(449, 86, 3356.03, '2024-11-16 04:42:07', 'CANCELLED', 46),
(450, 86, 2634.86, '2024-08-31 03:28:43', 'SENT', 47),
(451, 86, 4356.67, '2024-08-14 02:00:05', 'PAID', 48),
(452, 86, 4420.51, '2025-01-10 16:09:18', 'PAID', 49),
(453, 86, 3186.85, '2024-08-07 23:14:49', 'SENT', 50),
(454, 86, 3359.64, '2024-10-18 13:55:35', 'PAID', 51),
(455, 87, 2254.17, '2024-07-31 02:53:04', 'PAID', 52),
(456, 87, 2989.85, '2024-10-02 02:20:52', 'SENT', 53),
(457, 87, 1206.52, '2024-08-15 16:21:42', 'CANCELLED', 54),
(458, 87, 4099.72, '2024-12-10 01:30:30', 'SENT', 55),
(459, 87, 636.21, '2024-11-19 18:34:29', 'CANCELLED', 56),
(460, 87, 622.27, '2025-01-09 17:14:49', 'PAID', 57),
(461, 87, 800.8, '2024-12-14 14:53:50', 'PAID', 58),
(462, 88, 2978.94, '2024-11-13 11:41:30', 'SENT', 59),
(463, 88, 2831.93, '2024-08-14 04:50:21', 'SENT', 60),
(464, 88, 1317.03, '2024-11-28 19:32:12', 'PAID', 61),
(465, 88, 713.45, '2024-09-19 09:25:25', 'CANCELLED', 62),
(466, 88, 1053.45, '2024-09-24 12:24:34', 'SENT', 63),
(467, 88, 1516.15, '2024-12-15 11:01:59', 'CANCELLED', 64),
(468, 88, 4012.12, '2024-07-30 18:50:25', 'PAID', 65),
(469, 89, 2240.92, '2024-10-30 14:18:00', 'PAID', 1),
(470, 89, 4592.13, '2024-12-07 04:27:10', 'CANCELLED', 2),
(471, 89, 2776.02, '2024-10-09 12:15:25', 'PAID', 3),
(472, 89, 542.86, '2024-09-25 16:35:06', 'PAID', 4),
(473, 90, 533.37, '2024-11-04 22:09:57', 'PAID', 5),
(474, 90, 1004.02, '2024-11-05 00:33:09', 'CANCELLED', 6),
(475, 90, 4445.36, '2024-10-05 17:44:04', 'PAID', 7),
(476, 90, 3665.34, '2024-09-13 06:38:17', 'CANCELLED', 8),
(477, 90, 4925.14, '2024-12-01 22:25:51', 'PAID', 9),
(478, 90, 2839.52, '2024-08-26 23:11:52', 'PAID', 10),
(479, 90, 4980.18, '2024-12-12 18:50:21', 'PAID', 11),
(480, 90, 3228.65, '2024-11-12 01:49:37', 'SENT', 12),
(481, 90, 678.87, '2024-10-15 00:15:17', 'CANCELLED', 13),
(482, 90, 690.93, '2024-12-21 06:47:40', 'SENT', 14),
(483, 91, 3655.23, '2024-08-31 20:36:47', 'SENT', 15),
(484, 91, 3569.7, '2024-09-05 12:34:46', 'SENT', 16),
(485, 91, 3864.66, '2024-09-05 04:41:28', 'CANCELLED', 17),
(486, 91, 2104.97, '2024-07-24 08:42:20', 'SENT', 18),
(487, 91, 1196.57, '2024-11-08 01:28:01', 'PAID', 19),
(488, 91, 827.14, '2024-08-03 18:15:16', 'SENT', 20),
(489, 91, 1512.24, '2024-12-26 00:58:01', 'SENT', 21),
(490, 91, 2140.63, '2024-08-13 09:59:06', 'PAID', 22),
(491, 91, 3780.5, '2024-09-18 11:37:10', 'CANCELLED', 23),
(492, 92, 4680.88, '2024-09-15 20:53:56', 'PAID', 24),
(493, 92, 3295.42, '2024-12-06 10:17:39', 'SENT', 25),
(494, 92, 2584.58, '2024-11-16 21:33:04', 'CANCELLED', 26),
(495, 92, 4971.7, '2024-10-04 22:46:00', 'CANCELLED', 27),
(496, 93, 4526.22, '2024-11-17 22:10:13', 'SENT', 28),
(497, 93, 4250.78, '2024-10-05 06:37:30', 'CANCELLED', 29),
(498, 93, 998.43, '2024-07-24 14:05:52', 'SENT', 30),
(499, 94, 407.96, '2024-10-25 06:59:02', 'CANCELLED', 31),
(500, 94, 4730.61, '2025-01-12 16:47:33', 'SENT', 32),
(501, 94, 410.47, '2024-11-14 09:29:13', 'CANCELLED', 33),
(502, 94, 1371.44, '2024-12-18 17:18:07', 'SENT', 34),
(503, 94, 1753.28, '2025-01-12 14:30:20', 'CANCELLED', 35),
(504, 94, 1536.85, '2024-08-04 05:25:59', 'CANCELLED', 36),
(505, 94, 4815.11, '2024-10-02 07:44:07', 'PAID', 37),
(506, 95, 1578.33, '2025-01-06 12:00:30', 'SENT', 38),
(507, 95, 1802.39, '2024-12-05 16:10:29', 'PAID', 39),
(508, 95, 1390.99, '2024-11-27 02:39:38', 'PAID', 40),
(509, 95, 3742.96, '2024-08-29 09:11:34', 'CANCELLED', 41),
(510, 95, 2007.14, '2024-07-24 04:46:09', 'SENT', 42),
(511, 95, 632.69, '2024-10-04 22:09:17', 'PAID', 43),
(512, 96, 609.9, '2024-12-02 03:59:41', 'CANCELLED', 44),
(513, 96, 3269.97, '2024-12-18 13:46:10', 'SENT', 45),
(514, 96, 681.14, '2024-12-24 09:13:54', 'PAID', 46),
(515, 97, 583.32, '2024-08-16 09:38:11', 'PAID', 47),
(516, 97, 1724.56, '2024-09-15 01:39:55', 'SENT', 48),
(517, 97, 2773.35, '2024-12-10 15:59:32', 'SENT', 49),
(518, 97, 1960.05, '2024-11-16 06:55:25', 'CANCELLED', 50),
(519, 97, 4212.02, '2024-12-08 11:01:48', 'PAID', 51),
(520, 97, 2487.75, '2024-07-20 19:35:36', 'CANCELLED', 52),
(521, 97, 3761.05, '2024-12-17 14:25:12', 'PAID', 53),
(522, 98, 1128.9, '2024-09-12 11:52:14', 'SENT', 54),
(523, 98, 897.77, '2024-08-21 01:15:13', 'CANCELLED', 55),
(524, 98, 3928.82, '2024-12-27 08:19:54', 'PAID', 56),
(525, 98, 4099.36, '2024-09-19 17:20:52', 'CANCELLED', 57),
(526, 99, 4569.74, '2024-09-14 09:02:17', 'PAID', 58),
(527, 99, 525.84, '2024-12-09 09:07:28', 'PAID', 59),
(528, 99, 3243.89, '2024-12-10 23:13:14', 'SENT', 60),
(529, 99, 2199.64, '2024-12-10 22:52:19', 'CANCELLED', 61),
(530, 100, 500, '2025-01-21 00:00:00', 'SENT', 1),
(531, 101, 750, '2025-01-27 08:57:05', 'SENT', 2),
(532, 101, 850, '2025-01-27 08:57:28', 'SENT', 3);

-- --------------------------------------------------------

--
-- Structure de la table `messenger_messages`
--

DROP TABLE IF EXISTS `messenger_messages`;
CREATE TABLE IF NOT EXISTS `messenger_messages` (
  `id` bigint NOT NULL AUTO_INCREMENT,
  `body` longtext COLLATE utf8mb4_unicode_ci NOT NULL,
  `headers` longtext COLLATE utf8mb4_unicode_ci NOT NULL,
  `queue_name` varchar(190) COLLATE utf8mb4_unicode_ci NOT NULL,
  `created_at` datetime NOT NULL COMMENT '(DC2Type:datetime_immutable)',
  `available_at` datetime NOT NULL COMMENT '(DC2Type:datetime_immutable)',
  `delivered_at` datetime DEFAULT NULL COMMENT '(DC2Type:datetime_immutable)',
  PRIMARY KEY (`id`),
  KEY `IDX_75EA56E0FB7336F0` (`queue_name`),
  KEY `IDX_75EA56E0E3BD61CE` (`available_at`),
  KEY `IDX_75EA56E016BA31DB` (`delivered_at`)
) ENGINE=InnoDB DEFAULT CHARSET=utf8mb4 COLLATE=utf8mb4_unicode_ci;

-- --------------------------------------------------------

--
-- Structure de la table `user`
--

DROP TABLE IF EXISTS `user`;
CREATE TABLE IF NOT EXISTS `user` (
  `id` int NOT NULL AUTO_INCREMENT,
  `email` varchar(180) COLLATE utf8mb4_unicode_ci NOT NULL,
  `roles` json NOT NULL,
  `password` varchar(255) COLLATE utf8mb4_unicode_ci NOT NULL,
  `first_name` varchar(255) COLLATE utf8mb4_unicode_ci NOT NULL,
  `last_name` varchar(255) COLLATE utf8mb4_unicode_ci NOT NULL,
  PRIMARY KEY (`id`),
  UNIQUE KEY `UNIQ_IDENTIFIER_EMAIL` (`email`)
) ENGINE=InnoDB AUTO_INCREMENT=13 DEFAULT CHARSET=utf8mb4 COLLATE=utf8mb4_unicode_ci;

--
-- Déchargement des données de la table `user`
--

INSERT INTO `user` (`id`, `email`, `roles`, `password`, `first_name`, `last_name`) VALUES
(1, 'berti@epse.be', '[\"ROLE_ADMIN\"]', '$2y$13$bF6M/9YYgbXrRXsVFcPAlevCghY0U.NjePVA04470jzZ/3YiAmJ0O', 'Jordan', 'Berti'),
(2, 'dufour.henri@hotmail.fr', '[]', '$2y$13$vq3hPdXzzzHZTlRQZWUywODfeE99jkqdXfhYUZQeaO.aYIig31BA6', 'Marc', 'Devaux'),
(3, 'jpruvost@ferreira.com', '[]', '$2y$13$PsEHiyKertjrh/sEQOGBMutaonK9NOnFmLyH1cwoW5Y9kmoWScBzq', 'Gérard', 'Gilbert'),
(4, 'ublanc@jacques.com', '[]', '$2y$13$ky8VXR88.9SBrx4LY5ffxu9Axqu.CFzvH7.RrhkPtzry7jFQ/PblC', 'Frédéric', 'Legendre'),
(5, 'vaillant.benjamin@colin.com', '[]', '$2y$13$rqWGjGNoYyFkkySWim1eduaKg0nshRbKURgrcKUfp90z1NtDXaeDy', 'Paulette', 'Francois'),
(6, 'xhardy@gmail.com', '[]', '$2y$13$0myKwWmamsRfOQmOkqxPI.GTv.9d/lZ8w2gBpDoV8KuJRh5zD4k1W', 'Émile', 'Costa'),
(7, 'marcel.mace@etienne.com', '[]', '$2y$13$i0iR5QSH9h22O.JkuhU3Ru573XN5chGMb2Taq4mWd22wevrjYh1T.', 'Alfred', 'Dupuis'),
(8, 'fbenoit@dbmail.com', '[]', '$2y$13$x5tyPcmWHiZEaDNS3rDVeejL6xwmNfUZOksXZiHBa1J4lEOLpXT9.', 'Victor', 'Guillou'),
(9, 'igrondin@bousquet.org', '[]', '$2y$13$mIdd6uEpwWNeObHYxTJZveENeVbgKuUR5qPjjuNoQIzQhWeVU7zby', 'Émile', 'Neveu'),
(10, 'atexier@hotmail.fr', '[]', '$2y$13$7MCRciXDA9g6kDWSdq6.d.38GnAzz2sgp/sV54vKeH7I8fF10XLUa', 'Hugues', 'Lacroix'),
(11, 'claude.delattre@tele2.fr', '[]', '$2y$13$ctIuCvJiFPI9CWIWMHiBZOE/jgujMPvX6YAsz37yrwANgevlbwQgW', 'Alexandre', 'Dos Santos'),
(12, 'gberti@epse.be', '[]', '$2y$13$h302x.N8PBptcyuVeeNLkusAJX82Jbf0BZJ5/ts0sa1c7oTWEpuRC', 'Giordano', 'Berti');

--
-- Contraintes pour les tables déchargées
--

--
-- Contraintes pour la table `customer`
--
ALTER TABLE `customer`
  ADD CONSTRAINT `FK_81398E09A76ED395` FOREIGN KEY (`user_id`) REFERENCES `user` (`id`);

--
-- Contraintes pour la table `invoice`
--
ALTER TABLE `invoice`
  ADD CONSTRAINT `FK_906517449395C3F3` FOREIGN KEY (`customer_id`) REFERENCES `customer` (`id`);
--
-- Base de données : `blog2`
--
CREATE DATABASE IF NOT EXISTS `blog2` DEFAULT CHARACTER SET latin1 COLLATE latin1_swedish_ci;
USE `blog2`;

-- --------------------------------------------------------

--
-- Structure de la table `comments`
--

DROP TABLE IF EXISTS `comments`;
CREATE TABLE IF NOT EXISTS `comments` (
  `id` int NOT NULL AUTO_INCREMENT,
  `post_id` int NOT NULL,
  `author` varchar(60) NOT NULL,
  `comment` text NOT NULL,
  `comment_date` datetime NOT NULL,
  PRIMARY KEY (`id`)
) ENGINE=MyISAM AUTO_INCREMENT=3 DEFAULT CHARSET=latin1;

--
-- Déchargement des données de la table `comments`
--

INSERT INTO `comments` (`id`, `post_id`, `author`, `comment`, `comment_date`) VALUES
(1, 1, 'test', 'test test', '2018-10-18 18:36:35'),
(2, 3, 'Jordan', 'test', '2024-09-20 11:44:27');

-- --------------------------------------------------------

--
-- Structure de la table `posts`
--

DROP TABLE IF EXISTS `posts`;
CREATE TABLE IF NOT EXISTS `posts` (
  `id` int NOT NULL AUTO_INCREMENT,
  `title` varchar(255) NOT NULL,
  `content` text NOT NULL,
  `creation_date` datetime NOT NULL,
  PRIMARY KEY (`id`)
) ENGINE=MyISAM AUTO_INCREMENT=4 DEFAULT CHARSET=latin1;

--
-- Déchargement des données de la table `posts`
--

INSERT INTO `posts` (`id`, `title`, `content`, `creation_date`) VALUES
(1, 'test', 'lorem', '2018-10-18 05:12:14'),
(2, 'test 2', ' Lorem ipsum dolor sit amet, consectetur adipiscing elit. Morbi consectetur felis nulla, a convallis metus viverra non. Nunc interdum tincidunt mollis. Sed tincidunt blandit mi a sagittis. Duis ac elit ac nunc pellentesque sagittis. Vestibulum eu ullamcorper ex, sit amet venenatis nisi. Nam elementum, metus sed ultricies placerat, sapien augue tristique purus, in pellentesque ligula lorem vel orci. Fusce in metus et lorem finibus porta. Ut ac porttitor lectus. Suspendisse ultrices urna tellus, sed lacinia lorem interdum sit amet. Maecenas et faucibus est, in consectetur risus. Aenean cursus neque eu quam rutrum mattis. Maecenas eget augue velit.\r\n\r\nSed dictum efficitur tellus, et placerat lectus tincidunt non. Sed fermentum scelerisque urna, id mollis magna consequat id. Nam vehicula urna nibh, nec sollicitudin sapien placerat at. Aenean quis elit mi. Duis ex nisl, aliquam quis consequat eu, interdum eu odio. Mauris dapibus tortor ac felis sagittis, id aliquet velit aliquam. Nam porttitor tempor neque. Vestibulum ante ipsum primis in faucibus orci luctus et ultrices posuere cubilia Curae; In hac habitasse platea dictumst. Vivamus enim leo, finibus sit amet turpis quis, elementum laoreet metus. ', '2018-10-17 00:00:00'),
(3, 'test 3', ' Lorem ipsum dolor sit amet, consectetur adipiscing elit. Morbi consectetur felis nulla, a convallis metus viverra non. Nunc interdum tincidunt mollis. Sed tincidunt blandit mi a sagittis. Duis ac elit ac nunc pellentesque sagittis. Vestibulum eu ullamcorper ex, sit amet venenatis nisi. Nam elementum, metus sed ultricies placerat, sapien augue tristique purus, in pellentesque ligula lorem vel orci. Fusce in metus et lorem finibus porta. Ut ac porttitor lectus. Suspendisse ultrices urna tellus, sed lacinia lorem interdum sit amet. Maecenas et faucibus est, in consectetur risus. Aenean cursus neque eu quam rutrum mattis. Maecenas eget augue velit.\r\n\r\nSed dictum efficitur tellus, et placerat lectus tincidunt non. Sed fermentum scelerisque urna, id mollis magna consequat id. Nam vehicula urna nibh, nec sollicitudin sapien placerat at. Aenean quis elit mi. Duis ex nisl, aliquam quis consequat eu, interdum eu odio. Mauris dapibus tortor ac felis sagittis, id aliquet velit aliquam. Nam porttitor tempor neque. Vestibulum ante ipsum primis in faucibus orci luctus et ultrices posuere cubilia Curae; In hac habitasse platea dictumst. Vivamus enim leo, finibus sit amet turpis quis, elementum laoreet metus. ', '2018-10-22 00:00:00');
--
-- Base de données : `immoloc25std`
--
CREATE DATABASE IF NOT EXISTS `immoloc25std` DEFAULT CHARACTER SET utf8mb4 COLLATE utf8mb4_0900_ai_ci;
USE `immoloc25std`;

-- --------------------------------------------------------

--
-- Structure de la table `ad`
--

DROP TABLE IF EXISTS `ad`;
CREATE TABLE IF NOT EXISTS `ad` (
  `id` int NOT NULL AUTO_INCREMENT,
  `title` varchar(255) COLLATE utf8mb4_unicode_ci NOT NULL,
  `slug` varchar(255) COLLATE utf8mb4_unicode_ci NOT NULL,
  `price` double NOT NULL,
  `introduction` longtext COLLATE utf8mb4_unicode_ci NOT NULL,
  `content` longtext COLLATE utf8mb4_unicode_ci NOT NULL,
  `cover_image` varchar(255) COLLATE utf8mb4_unicode_ci NOT NULL,
  `rooms` int NOT NULL,
  `author_id` int NOT NULL,
  PRIMARY KEY (`id`),
  KEY `IDX_77E0ED58F675F31B` (`author_id`)
) ENGINE=InnoDB AUTO_INCREMENT=32 DEFAULT CHARSET=utf8mb4 COLLATE=utf8mb4_unicode_ci;

--
-- Déchargement des données de la table `ad`
--

INSERT INTO `ad` (`id`, `title`, `slug`, `price`, `introduction`, `content`, `cover_image`, `rooms`, `author_id`) VALUES
(1, 'Distinctio iure optio aperiam aut occaecati hic et aspernatur.', 'distinctio-iure-optio-aperiam-aut-occaecati-hic-et-aspernatur', 167, 'Libero dolor nisi consequuntur molestiae recusandae voluptatibus. Commodi velit tempora repellat amet. Et ut sed in ea.', '<p>Qui non perspiciatis nihil ipsam vel voluptas rerum voluptatem. Facere delectus voluptas occaecati quia voluptatibus libero non aut. Qui est ut aperiam iure voluptate excepturi. Sed aut ut eius asperiores.</p><p>Et est aliquid enim provident. Recusandae qui consequuntur provident consequatur. Iure reiciendis enim sed. Voluptatem atque accusamus quasi qui porro.</p><p>Placeat eveniet tempore quas neque corrupti quo. Saepe qui et ullam recusandae et saepe et mollitia. Dignissimos veritatis odit quasi voluptatibus nostrum.</p><p>Magnam voluptates est nihil odit omnis odit. Aliquid libero quo nihil necessitatibus cumque. Quasi quia fuga quibusdam voluptatum earum maxime. Corporis voluptates quo dignissimos.</p><p>At reprehenderit quibusdam pariatur quo aliquid et. Ut voluptatem nobis necessitatibus quia maxime incidunt omnis. Sequi placeat alias dolores eum. Qui nisi qui laborum quam alias delectus officiis.</p>', 'https://picsum.photos/id/1/1000', 1, 1),
(2, 'Magnam iure ea in.', 'magnam-iure-ea-in', 139, 'Explicabo autem quia similique voluptates excepturi similique nemo. Doloremque enim voluptates quia sit commodi. Itaque consequatur doloremque sunt facere odio omnis.', '<p>Nesciunt sunt laboriosam praesentium accusantium voluptatem. Et ad architecto quisquam minima enim id. Quam hic dignissimos et dolores sit repudiandae veniam.</p><p>Soluta nulla fugit pariatur. Voluptates voluptate facilis non repellendus. Suscipit sint sequi omnis.</p><p>Tempore non delectus est. Similique corporis ut illo quasi quibusdam facilis.</p><p>Veritatis mollitia ullam et veniam accusamus. Possimus fugiat qui sapiente sunt voluptatem. Aspernatur ipsum mollitia nihil eum a. Voluptas magni quisquam maiores consequuntur vel mollitia.</p><p>Modi nisi aut ut deleniti quisquam quam. Non sapiente repudiandae ipsa dicta consectetur debitis ratione veniam. Qui explicabo expedita voluptate eum qui repellendus. Dolor quibusdam fugit sequi quia a eveniet.</p>', 'https://picsum.photos/id/2/1000', 1, 9),
(3, 'Sed dolores ad deserunt quis assumenda a fugiat et.', 'sed-dolores-ad-deserunt-quis-assumenda-a-fugiat-et', 184, 'Sint non ducimus doloremque doloribus possimus est. Culpa quis ut minus et omnis magni aspernatur voluptatum.', '<p>Voluptatibus delectus ipsum culpa eos rerum iste reprehenderit. Aliquid et placeat sit delectus quia cumque sit. Sunt et nobis aliquam dicta. Omnis illum perferendis non sint.</p><p>Sunt quo nulla voluptas voluptas. Unde totam minima vitae praesentium. Officia et nobis possimus quia et. Beatae cupiditate ratione quis.</p><p>Culpa officiis labore provident qui. Sapiente ea sit consequatur tempora aspernatur sequi ut. Ut velit consequuntur nisi fuga non dolor. Voluptates est molestias labore ea vel fuga quasi.</p><p>Nostrum adipisci dolores praesentium dolor autem temporibus reiciendis. Ipsa dolorum sequi voluptatem similique fugit. Aut aliquam pariatur omnis aspernatur ut expedita et.</p><p>Illum cupiditate et hic impedit labore. Debitis et et et ducimus laudantium quae atque.</p>', 'https://picsum.photos/id/3/1000', 5, 9),
(4, 'Eos commodi est ex excepturi voluptatum.', 'eos-commodi-est-ex-excepturi-voluptatum', 49, 'Rem excepturi quaerat repudiandae distinctio quis minima. Neque ut facilis odit animi eum.', '<p>Ex et in ex maiores. Enim quis quod repudiandae sequi neque. Minima mollitia quo magnam aut consequatur est iusto.</p><p>Velit optio et pariatur consequuntur. Impedit qui consequuntur voluptatum aut officia non quisquam et. Aut reiciendis sunt labore veritatis in tempora.</p><p>Sed in quidem aut illum aut. Minus aut ea consequuntur facilis quis. Id aliquam animi atque omnis. Quia ullam culpa et molestiae.</p><p>Blanditiis consectetur sed possimus doloribus dolorum molestias aperiam. Voluptas rerum temporibus occaecati est id. Perferendis at similique debitis aut eligendi alias. Harum labore est exercitationem pariatur non nesciunt.</p><p>Et et similique in architecto. Soluta rerum minima veritatis autem. Est amet harum doloremque qui autem doloremque nam. Quidem sed harum at qui sed quo mollitia ex.</p>', 'https://picsum.photos/id/4/1000', 4, 5),
(5, 'Aliquam omnis placeat omnis eveniet voluptates ducimus voluptatibus provident.', 'aliquam-omnis-placeat-omnis-eveniet-voluptates-ducimus-voluptatibus-provident', 133, 'Ut consequatur repellat consectetur sunt sunt sed quia vel. Necessitatibus eum quasi inventore occaecati eos.', '<p>Magnam eius ut inventore nihil in. Magni eum adipisci sequi eius. Saepe ut ut doloremque sequi.</p><p>Tempore maiores laboriosam tempore quam tempora voluptas. Quo eum illo debitis at et. Ut ipsum aut blanditiis facere numquam dignissimos placeat.</p><p>Omnis repellat consequatur velit laborum sequi. Voluptates et eveniet ducimus quidem eveniet et. Laborum doloremque iste modi. Dolorum corporis magnam eaque mollitia ut sed.</p><p>Dolorum praesentium laborum voluptas facilis beatae animi. Adipisci delectus a sit at quam. Sit possimus quia eos harum.</p><p>Sit dolor eos dicta et numquam dolorem unde. Aut et corrupti nihil fugit. Ut voluptas consequatur reiciendis laboriosam aliquam. Laborum recusandae sapiente impedit ut ipsam.</p>', 'https://picsum.photos/id/5/1000', 2, 10),
(6, 'Dolore nostrum nisi sit quae rem.', 'dolore-nostrum-nisi-sit-quae-rem', 88, 'Animi vel voluptatem neque veritatis. Sapiente earum quia occaecati aut. Ut consequatur omnis in.', '<p>Cupiditate est officiis voluptate eaque quidem ut. Qui iusto deserunt quisquam pariatur molestiae. Velit et iure neque. Eum enim qui ut tempore doloribus aut temporibus provident. Dolorem est quis veritatis ipsa.</p><p>Minima recusandae tempora maiores est iste sint eligendi. Recusandae sequi eos corrupti vitae sed tempora ex quis. Accusantium suscipit consectetur quam consectetur ad amet. Consequatur est fuga enim et.</p><p>Vitae commodi quis porro quia. Aut repellendus velit quis aliquid. Quod delectus omnis sequi id et aut dignissimos. Omnis perspiciatis nihil aliquam blanditiis et.</p><p>Modi quis quasi officiis veniam quisquam. Ut ut magnam omnis. Rerum eos unde ea corrupti reiciendis. Ut mollitia qui sint consequatur unde repellendus consequatur repudiandae.</p><p>Dignissimos sit voluptatibus nobis quis voluptate quaerat est. Ut inventore in sint neque quibusdam ut inventore. Consectetur dolores iure dolorem.</p>', 'https://picsum.photos/id/6/1000', 5, 10),
(7, 'Sit harum vel omnis minus unde perspiciatis.', 'sit-harum-vel-omnis-minus-unde-perspiciatis', 60, 'Ex numquam nihil officia. Ad omnis perferendis ex voluptatem quos repellendus.', '<p>Vitae delectus quisquam fugit voluptas sunt molestias. Est voluptas voluptas exercitationem placeat aliquid et sit ut. Et nulla dignissimos aspernatur recusandae.</p><p>Dolorem ut rem enim ipsa qui iusto. Eius amet provident cumque qui omnis dicta. Modi assumenda nemo sapiente minima aliquid ut repellat. Eum blanditiis quo id aperiam. Iste itaque maiores explicabo quos debitis harum.</p><p>Aspernatur hic consequatur possimus facere ipsam voluptas maiores. Ut explicabo quis asperiores cum impedit et optio. Similique placeat sunt doloribus ipsum debitis assumenda et velit. Esse autem aut possimus omnis quo maxime incidunt dolore.</p><p>Est optio enim cum rerum voluptatem amet maxime. Deserunt omnis facilis voluptatem et consequatur. Neque adipisci labore et sit suscipit neque magni.</p><p>Nobis et adipisci ex quis. Asperiores repudiandae distinctio quia quis illo voluptas optio. Consequatur et inventore omnis officia nesciunt consectetur officiis. Necessitatibus minima veniam est quos.</p>', 'https://picsum.photos/id/7/1000', 3, 8),
(8, 'Ab qui omnis ducimus sit placeat cum consequatur.', 'ab-qui-omnis-ducimus-sit-placeat-cum-consequatur', 195, 'Porro quo aspernatur totam. Odit rerum in et voluptatem.', '<p>Illo et non adipisci in. Nihil incidunt occaecati et et voluptates. Modi numquam ad asperiores perspiciatis est. Molestias corporis fugiat veritatis excepturi pariatur quisquam qui non.</p><p>Vero modi voluptas maxime nam unde. Quibusdam ut in eos optio ipsam. Blanditiis excepturi vitae consequatur delectus et. Impedit vitae error ut consequuntur perferendis.</p><p>Omnis quas repellat eius aliquid. Ea fugiat illum sit sit culpa quia autem et.</p><p>Nihil consequuntur corrupti quas animi blanditiis est. Tempora ut quidem laboriosam. Ratione repudiandae dolores porro id molestiae enim eos. Sed aut praesentium aut velit.</p><p>Ab molestias et et et iste. Qui cum provident vel amet minima ipsa. Nisi eligendi non voluptatem ipsa perferendis optio dignissimos illo. Eveniet ea eius repellat. Voluptate culpa ea sit beatae quos maxime a.</p>', 'https://picsum.photos/id/8/1000', 1, 2),
(9, 'Nihil qui repudiandae ipsam doloribus odit autem est.', 'nihil-qui-repudiandae-ipsam-doloribus-odit-autem-est', 151, 'Harum ea harum est aperiam ut dolorem minima. Et perferendis exercitationem consequatur consequuntur eum.', '<p>Esse est corrupti perspiciatis non vel. Rerum reiciendis in est aspernatur sunt. Dolores repellendus dolore cumque voluptatem sed.</p><p>Eum vel eos exercitationem atque doloremque recusandae aut. Soluta et ipsum ut odit molestias distinctio. Minus qui dolorum et fuga sit.</p><p>Suscipit iusto hic commodi dolores. Occaecati aut perspiciatis et quis minima et pariatur. Sequi voluptatem eos minus beatae non. Ea et nam molestiae adipisci iusto rem tenetur in.</p><p>Deleniti id necessitatibus eveniet dicta. Nisi tempora id ipsum officiis sit sed. Et ut explicabo sequi recusandae dignissimos. Eaque ut iusto atque doloribus officia. Quos nostrum odit ut rerum consequuntur sit.</p><p>Sed sed rem labore sed porro. Deleniti assumenda aut voluptas deserunt a nihil. Vel ad non facilis eveniet excepturi. Eligendi vero eos eligendi sapiente.</p>', 'https://picsum.photos/id/9/1000', 4, 1),
(10, 'Modi sint qui consequatur facilis consequuntur voluptas non.', 'modi-sint-qui-consequatur-facilis-consequuntur-voluptas-non', 200, 'Natus architecto voluptates debitis saepe provident. Neque aut quia cum voluptatibus ut. A et modi delectus.', '<p>Ut ipsam molestias perferendis laudantium. Eligendi corrupti non rerum. Rerum aspernatur quidem dolorem ex quo et rerum.</p><p>Temporibus aut nam autem et non ea. Aut omnis dolores eaque molestias quod facilis veritatis pariatur. Alias fugit dolorem deleniti saepe.</p><p>Nesciunt officia voluptatem voluptas consequatur. Et consequatur quos incidunt non nulla beatae. Ut laboriosam ea quis magnam. Voluptas dolores nisi cupiditate rerum necessitatibus.</p><p>Laborum eum esse harum quidem rerum. Quia autem quasi sed vero et. Illo enim consequatur assumenda beatae ab saepe sit.</p><p>Vitae sunt perferendis magnam ullam culpa. Et vel nam necessitatibus consequuntur. Libero sed molestiae dolor dolor quidem aut eligendi. Nisi cupiditate et ab dolores aspernatur ut quae.</p>', 'https://picsum.photos/id/10/1000', 4, 1),
(11, 'Repellendus quos enim numquam recusandae sit alias eum.', 'repellendus-quos-enim-numquam-recusandae-sit-alias-eum', 191, 'Sunt debitis omnis et architecto. Minima ex quidem sint qui ut eius. Qui cupiditate dolorem quos occaecati qui facere dolore.', '<p>Minima sunt aut necessitatibus sint vitae doloribus. Soluta fugiat est cupiditate iusto veritatis in. Nemo illum delectus iusto nam sit tempore beatae asperiores. Vero ut facilis eos ut assumenda.</p><p>Totam doloribus incidunt sint quaerat. Incidunt magni in soluta. Sequi dolorem voluptatem ratione tempora fugiat qui ipsam. Possimus aliquam facilis libero.</p><p>In fugiat voluptates qui commodi. Mollitia unde sunt minus reprehenderit doloribus numquam. Sed repudiandae aliquam provident asperiores voluptatem et totam. Illo cupiditate dolor hic ut.</p><p>Enim est quo harum sint ex voluptas modi. Laborum assumenda harum qui vero eum. Omnis ut quibusdam provident animi est ut et quam. Aut dolorem non blanditiis quia a vitae.</p><p>Et voluptatem itaque totam ut. Est minus sint ipsa et corrupti eveniet ipsam. Aut ut sunt quia voluptatem illum ad dolores. Similique soluta recusandae vitae reiciendis rerum consequatur.</p>', 'https://picsum.photos/id/11/1000', 4, 10),
(12, 'Voluptas error alias culpa corrupti fuga.', 'voluptas-error-alias-culpa-corrupti-fuga', 54, 'Et est consectetur nam quo laborum voluptates praesentium. Et pariatur delectus sit sit.', '<p>Architecto et illo tenetur sit qui totam. Repellendus est blanditiis ipsam hic voluptatem quia soluta. Sunt voluptas aspernatur beatae amet quia voluptates accusantium. Dolor vel voluptas quibusdam.</p><p>Consequatur nihil dolorem quaerat soluta sint illum soluta. Excepturi mollitia maiores distinctio suscipit non.</p><p>Ut repellat qui repudiandae nesciunt. Recusandae cupiditate doloribus vero quisquam sint reiciendis. Omnis adipisci magnam quia ipsa harum id pariatur eos. Illo nesciunt id amet consequatur cumque.</p><p>Aut non at corporis provident. Explicabo sequi sit qui cupiditate harum sapiente. Iste sed aliquid reiciendis veritatis aspernatur illo perspiciatis. Et consequatur esse vel deserunt quod aut eum.</p><p>Aperiam nostrum suscipit cum quod atque. Tempora sed odio aliquam quis expedita. Voluptatem id praesentium accusantium quas et voluptatibus. Aut asperiores quia et explicabo cumque ut odio. Labore reprehenderit aut quia consequatur reprehenderit laudantium.</p>', 'https://picsum.photos/id/12/1000', 2, 1),
(13, 'Corporis distinctio dicta corporis est assumenda eaque ut rerum.', 'corporis-distinctio-dicta-corporis-est-assumenda-eaque-ut-rerum', 159, 'Magni at autem voluptatem. Magnam molestiae rerum iure nesciunt.', '<p>Ut enim animi similique. Reiciendis dolore eum mollitia amet amet nobis asperiores. Odit inventore vitae omnis hic vitae tempore numquam. Quidem temporibus dolore corrupti et dolorem qui modi.</p><p>At ducimus veritatis debitis dolore est. Commodi quam vel non aliquid. Cum repellendus voluptas perferendis. Porro necessitatibus deserunt non consequatur.</p><p>Ab perferendis aperiam ea. Saepe veritatis saepe suscipit. Voluptas rem qui sit voluptas deleniti rerum molestias. Unde ut sunt voluptas occaecati. Sint voluptatem sit deleniti voluptatem velit temporibus ut.</p><p>Temporibus dolorum dignissimos harum et. Quisquam eaque blanditiis quasi tempore ut. Qui excepturi quod dolor omnis voluptates earum eum. Et rerum possimus quisquam est assumenda in omnis.</p><p>Beatae laboriosam excepturi temporibus dolor fugiat cumque. Molestiae eos ipsum id. Vel sit unde et libero molestias. Provident assumenda facere assumenda dolorem veritatis ut.</p>', 'https://picsum.photos/id/13/1000', 3, 9),
(14, 'Non consequatur culpa cupiditate natus.', 'non-consequatur-culpa-cupiditate-natus', 197, 'Atque minus impedit maxime doloribus. Atque corrupti voluptatem accusamus in delectus.', '<p>Corporis velit sed dolor sapiente enim nihil saepe. Qui quas quam placeat expedita culpa. Ut sunt ea facere. Qui reprehenderit ea voluptates harum facilis aut tenetur.</p><p>Inventore dolore veritatis qui et. Impedit et pariatur velit ea beatae. Amet quisquam temporibus recusandae.</p><p>Cum nostrum nesciunt in nemo libero quia voluptatem. Et nesciunt quia quisquam fugiat ducimus fuga sit. Laboriosam itaque dolorum in et. Provident et unde voluptas impedit nobis.</p><p>Eaque et molestias eos placeat totam qui. Voluptate esse eveniet dicta ducimus natus molestiae. Quod inventore aspernatur facilis doloremque.</p><p>Cumque maiores maiores suscipit numquam qui. Fugiat ab rerum ea molestiae nisi. Dicta sed esse natus sint aut.</p>', 'https://picsum.photos/id/14/1000', 5, 5),
(15, 'Velit libero occaecati quaerat inventore nihil error porro.', 'velit-libero-occaecati-quaerat-inventore-nihil-error-porro', 88, 'Voluptatem quas soluta pariatur temporibus voluptatem animi totam. Omnis rerum corrupti numquam earum ullam. Harum est dicta voluptatem voluptatibus.', '<p>Inventore modi autem sed et pariatur quasi. Magni pariatur sint labore debitis nam. Animi quam eum dolorum et a quisquam quam.</p><p>Illo ipsum voluptas culpa eaque et. Tempora consequatur ut sunt corrupti.</p><p>Nobis atque accusantium velit molestiae facere perspiciatis distinctio. Perferendis expedita et rerum ut assumenda. Deleniti quia aut sed suscipit et doloribus alias. Asperiores tenetur voluptatem officia quo laborum.</p><p>At reiciendis quae non sint quod soluta rerum. Fugiat laborum minima unde ipsam qui. Nihil incidunt tenetur illo quia molestiae veniam omnis eos. Iste quam atque qui consectetur fugit.</p><p>Natus ullam assumenda voluptatibus inventore. Iste possimus non dignissimos numquam in ad amet quisquam. Temporibus iste rerum aliquid eligendi. Tempora ipsam placeat sequi necessitatibus quod molestiae perferendis.</p>', 'https://picsum.photos/id/15/1000', 3, 2),
(16, 'Nesciunt itaque magni eum molestiae alias iusto consequatur.', 'nesciunt-itaque-magni-eum-molestiae-alias-iusto-consequatur', 85, 'Iste reprehenderit tempore aut asperiores sint ipsum saepe. Quasi neque illum repellat ducimus vel sit aliquid. Vero officia qui excepturi quis.', '<p>Et similique id quae dolores dolores. Id optio veniam ut. Ut cumque vel dolor nostrum. Officiis sint in recusandae iusto dolorem quaerat sint harum.</p><p>Illo sunt sapiente et temporibus aliquid quam nostrum. Minima sunt nulla inventore iusto. Saepe sequi iure repellat ex impedit pariatur ad. Odio atque minus quam aut nemo iure.</p><p>Assumenda expedita dolore illo est. Corporis minima consectetur dolor corporis non ipsa. Delectus nihil aut suscipit quod iusto.</p><p>Illum fugiat debitis consequatur labore nisi aliquam blanditiis hic. Harum nemo rerum cupiditate voluptas. Quis velit labore rem porro voluptas.</p><p>Dolorum voluptate provident natus beatae. Ut omnis illo suscipit perspiciatis unde molestias. Vel rem eius explicabo aspernatur eum aut illo.</p>', 'https://picsum.photos/id/16/1000', 2, 2),
(17, 'Ad ipsum vitae aut.', 'ad-ipsum-vitae-aut', 139, 'Delectus corrupti exercitationem molestias aut odit. Qui quia consequatur qui nobis commodi hic. Ipsam earum occaecati est ratione ut natus hic.', '<p>Ad voluptas placeat totam asperiores asperiores qui et. Aliquam ratione enim saepe repudiandae saepe error vel. Ut nihil laudantium dolorem harum molestiae corporis amet. Ducimus cumque consequuntur id hic sint.</p><p>Quisquam fuga et dolores fugit. In quisquam aut provident praesentium sint quo explicabo. Itaque reprehenderit deleniti voluptatem sit est.</p><p>Quaerat et officiis ipsum debitis aliquam consequuntur. Voluptates minima non provident amet omnis ut officiis non. Aliquid maxime quo ratione consequatur.</p><p>Quos optio et modi sit similique. Voluptates et laudantium rerum eius animi.</p><p>Dolorem cupiditate incidunt doloribus velit est dolor. Quia eos quas nihil officiis quibusdam id. Omnis quo praesentium accusantium mollitia accusantium quos ratione. Autem magni laudantium non et consectetur atque nostrum.</p>', 'https://picsum.photos/id/17/1000', 3, 9),
(18, 'Reiciendis itaque aut a vel veniam tempore.', 'reiciendis-itaque-aut-a-vel-veniam-tempore', 107, 'Repudiandae facilis quod repellat perferendis in. Dolore et recusandae quo vel. Sit tempora voluptatem sed voluptatibus.', '<p>Ipsum veniam magni ad voluptate accusantium ducimus dignissimos. Laudantium velit hic et rerum est repudiandae aliquid. Possimus eum aspernatur excepturi reiciendis fuga ut eligendi et. Nobis delectus voluptatibus nihil.</p><p>Tempora quidem est qui corrupti voluptatem. Voluptates eligendi harum distinctio voluptatem quaerat quaerat pariatur. Minus impedit suscipit voluptatem dicta alias modi. Dignissimos quas ex a laboriosam quidem blanditiis ad. Aut quasi doloribus voluptatem sit error.</p><p>Sit illum ut voluptatem ut non. Consequuntur sit aut necessitatibus velit quia aut id. Unde modi totam non sunt dolorum labore. Sunt voluptas voluptas omnis doloremque.</p><p>Voluptas at non tempore repellat repellat. Eos molestiae vero rerum maxime. Dolorem harum distinctio temporibus alias voluptatem dolorum minus. Ut nemo ratione aut ab labore et.</p><p>In illum unde in pariatur et. Tempora est esse blanditiis error. Minima in minima deserunt aut. Voluptas voluptatem eveniet qui sit delectus. Eius distinctio tempora natus eos.</p>', 'https://picsum.photos/id/18/1000', 2, 9),
(19, 'Quos mollitia cupiditate provident quo est molestiae et.', 'quos-mollitia-cupiditate-provident-quo-est-molestiae-et', 61, 'Distinctio aut est eaque placeat similique et ut natus. Velit sit quisquam consectetur delectus nesciunt aut assumenda.', '<p>Magni aut id fugit maxime dignissimos. Sit ut aut aperiam illum fugiat repudiandae cumque. Est aliquam aspernatur et quod aut est suscipit.</p><p>Dolores accusantium omnis veritatis dolorem. Quasi itaque in consequatur eos totam in facere voluptatem. Cumque totam fugit architecto eum dignissimos.</p><p>Illo facere error accusantium. Facere numquam sequi maxime minima dolore assumenda. Quidem necessitatibus vel qui impedit aliquid error aperiam. Explicabo delectus excepturi est amet vero.</p><p>Neque blanditiis cumque nobis dolores. Necessitatibus in aliquam repellat et in molestias.</p><p>Culpa aut in et nulla tenetur aliquid est. Cupiditate suscipit dolor ipsum natus incidunt laboriosam. Id non ea neque beatae omnis dolor.</p>', 'https://picsum.photos/id/19/1000', 3, 1),
(20, 'Accusantium officiis libero et odio.', 'accusantium-officiis-libero-et-odio', 59, 'Eaque commodi minus amet sint pariatur. Perspiciatis rem dolore magni voluptas nam. Hic animi est velit reiciendis perferendis.', '<p>Excepturi alias et adipisci tempora. Qui aut sit est facere magni autem. Ea consectetur illo doloribus possimus blanditiis commodi consequatur. Qui laborum sunt ex explicabo.</p><p>Deserunt non et fuga libero. Atque placeat corporis ut doloribus doloremque distinctio odit. Atque tempore eligendi est delectus qui aliquid. Voluptas dolor provident blanditiis sed consectetur nam sed.</p><p>Neque eum et harum molestiae. Quis aut eaque commodi saepe maiores. Temporibus voluptatem enim earum quod necessitatibus assumenda reprehenderit.</p><p>Neque voluptates unde ipsum molestiae ut voluptas. Vel aut dicta ut tempora voluptatem. Quaerat est eos et quis occaecati velit quos.</p><p>Iusto voluptatibus veniam enim ex eum quia. Perspiciatis atque non aperiam aut. Debitis voluptatum quia cum a et consequatur.</p>', 'https://picsum.photos/id/20/1000', 2, 4),
(21, 'Consequatur omnis reprehenderit odio et sit laborum dolor.', 'consequatur-omnis-reprehenderit-odio-et-sit-laborum-dolor', 115, 'Reiciendis earum molestiae repellat tenetur. Consequatur quo distinctio quis et molestiae alias iusto. Incidunt distinctio maiores dolorum praesentium.', '<p>Excepturi aut dignissimos magni eum sit neque maiores. Ratione cupiditate cum sit qui. Ipsa labore ut temporibus incidunt.</p><p>Consequatur voluptatem quidem quisquam aut repudiandae. At at suscipit sed sunt ut dolores eos. Nesciunt odio veritatis dolorum amet.</p><p>Sint voluptates eos rerum officia. Quos ratione ut a vitae. Inventore labore incidunt molestiae numquam est. Eos sit tenetur dolorem maiores.</p><p>Ratione iure quod animi officiis. Est sit quas et quo. Quod voluptatibus ut earum eos adipisci perferendis harum. Illum molestias ad minus repellat architecto.</p><p>Quia cupiditate rerum delectus illo inventore omnis voluptatem harum. Minus neque id beatae consequatur eum aliquid mollitia. Et id non quidem rerum dicta. Praesentium aliquid non dolorum.</p>', 'https://picsum.photos/id/21/1000', 1, 7),
(22, 'Aut molestiae consequatur minus ipsa natus.', 'aut-molestiae-consequatur-minus-ipsa-natus', 91, 'Adipisci laboriosam quae autem cum reprehenderit. Debitis possimus labore debitis voluptatibus aut reprehenderit rem.', '<p>Esse at distinctio qui natus et eius. Dolores minus autem ullam voluptas vero consequuntur voluptates. Sapiente aliquam officiis voluptatem autem vel.</p><p>Occaecati nulla excepturi cumque et hic laudantium ex ut. Repudiandae asperiores maxime et aut est non. Necessitatibus aliquam animi repellendus asperiores. Sit quia aperiam illo earum. Totam error similique sequi modi dolores quae.</p><p>Minus excepturi veritatis hic dolorum praesentium facere porro. Quidem aut qui iure est. Nulla aut et et sit provident et aspernatur. Aperiam et temporibus illum autem quod.</p><p>Consectetur debitis itaque nam aut rem non repudiandae. Corrupti reprehenderit quo modi.</p><p>Rerum aut alias repellat aut quisquam doloremque. Provident quidem ut sed voluptate quis aut id. Dolore voluptates enim itaque itaque.</p>', 'https://picsum.photos/id/22/1000', 3, 4),
(23, 'In maxime rerum inventore est voluptas sed.', 'in-maxime-rerum-inventore-est-voluptas-sed', 165, 'Maiores ullam voluptas deleniti. Exercitationem architecto quasi eveniet nulla.', '<p>Impedit ratione cupiditate necessitatibus sit impedit unde quod. Molestias at quae iste quaerat et. Et quis tempore et voluptatem consectetur quaerat.</p><p>Quo aut reiciendis aut mollitia sapiente omnis. Quibusdam autem sint consequatur eos sed saepe.</p><p>Accusamus eos dolores aliquam mollitia velit vitae. Quisquam non eos fuga ducimus possimus. Rerum ipsam omnis velit autem inventore molestiae. Et soluta deserunt maiores enim.</p><p>Et corrupti omnis et repellendus voluptatem. Unde harum eius sint praesentium. Rerum error eum et ipsum aut.</p><p>Fuga ut voluptas sunt itaque sed quod. Rem ratione molestiae soluta est. Voluptatem soluta laudantium optio alias voluptas dolores voluptatem.</p>', 'https://picsum.photos/id/23/1000', 3, 1),
(24, 'Aspernatur velit iure quia sed.', 'aspernatur-velit-iure-quia-sed', 159, 'Provident explicabo voluptatem perferendis omnis sit ut. Aut reprehenderit corporis accusantium iure incidunt a magni.', '<p>Ea ipsam id enim repellendus. Nobis quo recusandae alias quia asperiores dicta quos. Doloremque ipsum facere aut iste ea. Porro consequatur et dolorem ut libero.</p><p>Fugit id accusamus omnis sint. Corrupti nobis occaecati temporibus fugit. Doloribus beatae quod minus illo quis.</p><p>Hic tempore tempora esse culpa modi debitis. Architecto fugiat sed recusandae eos minus necessitatibus. Doloribus vitae et pariatur fuga.</p><p>Eius et et quis. Molestiae ad minus doloribus eius assumenda quo nihil. Eum culpa recusandae qui porro et illum non.</p><p>Doloremque culpa in voluptas. Illum dolorem facilis doloremque quas ut consequatur ducimus. Ut minus ut cupiditate voluptatem fuga laboriosam. Ut voluptatum esse dolorem iure ratione tenetur nemo.</p>', 'https://picsum.photos/id/24/1000', 1, 8),
(25, 'Dolores minima porro esse ut cumque.', 'dolores-minima-porro-esse-ut-cumque', 185, 'Sunt et quia corrupti laboriosam voluptatem. Porro neque velit suscipit mollitia maiores voluptas eligendi. Ea sit natus omnis laboriosam.', '<p>Vel unde dolores quos est est necessitatibus temporibus. Voluptas quisquam est et ab. Qui recusandae ipsum in debitis velit a explicabo.</p><p>Sed hic ducimus cupiditate voluptatem cupiditate. Et debitis debitis repellendus incidunt. Hic tempore voluptatum ullam libero earum. Nobis voluptatem harum autem ipsa maxime repudiandae.</p><p>Laborum reprehenderit rerum possimus dolores sapiente deleniti aut id. Est reprehenderit molestias quibusdam quidem quia aspernatur. Voluptatem velit quidem placeat quia non. Magnam quibusdam voluptatum voluptatem modi possimus.</p><p>Voluptatem quaerat qui voluptas. Enim voluptatem voluptate doloribus debitis. Ea officia quam ut aliquid reprehenderit porro. Ad nostrum nesciunt a autem occaecati.</p><p>Sequi magni facere asperiores rerum pariatur accusamus delectus exercitationem. Maiores maiores quis qui illo. Odit reiciendis aliquam corrupti velit nihil.</p>', 'https://picsum.photos/id/25/1000', 4, 5),
(26, 'Omnis ullam ipsa qui ab illum dolores alias.', 'omnis-ullam-ipsa-qui-ab-illum-dolores-alias', 46, 'Enim excepturi aut unde beatae. Sed voluptatem aut facilis officiis et ipsum sunt rerum. Eos placeat sed dolor et est vel.', '<p>Architecto illum voluptatum explicabo rerum. Praesentium quidem quas eum itaque sit ut aut. Omnis ea nemo quasi est. Qui blanditiis maiores qui maiores et. Ut qui dolores ipsa et eius sunt.</p><p>Et quo quis veritatis. Ad necessitatibus est impedit voluptate. Architecto quae ea similique hic.</p><p>Blanditiis vitae nesciunt neque. Iure nesciunt blanditiis quisquam officia iusto. Quae et et sunt et eum quis commodi. Deleniti sunt repellendus dolorem sed quia ea.</p><p>Qui possimus culpa non hic similique voluptatem earum. Facere quod suscipit quia eum adipisci praesentium rerum qui.</p><p>Molestias placeat nihil rem iure dignissimos. Veniam tempora aut molestiae veniam numquam. Saepe dolorum voluptatem sed vel.</p>', 'https://picsum.photos/id/26/1000', 3, 1),
(27, 'Dolores culpa quisquam ut.', 'dolores-culpa-quisquam-ut', 115, 'Non est hic voluptatem. Officia nemo nihil nisi facilis fugit debitis culpa fuga.', '<p>Nisi ipsam illo est provident maxime. Consectetur amet aspernatur qui quas optio ea. Iste natus et assumenda adipisci rem laudantium optio rerum. Est possimus autem reiciendis omnis id quisquam perferendis commodi.</p><p>Ipsam quas pariatur voluptatibus eaque illum est quos. Eum ipsam harum est qui optio sit exercitationem. A deleniti provident maxime magnam.</p><p>Aperiam a optio ipsa et aperiam et sint. Natus suscipit dolorem ab nemo eum necessitatibus rem. Velit dignissimos ea porro beatae. Autem incidunt in fugit. Fugiat harum a explicabo exercitationem omnis placeat enim.</p><p>Earum est sint accusantium animi quo totam voluptas. Et praesentium dolores excepturi sed ipsa voluptatum atque. Tempore libero quia velit maiores distinctio temporibus. Adipisci quo excepturi eos suscipit id voluptatibus molestias.</p><p>Dignissimos quo possimus at vero vero odio ea. Delectus corporis id at molestias impedit dolorum velit. Voluptatum minima dolore ipsum aliquid nulla sed. Harum dolor sed fugiat repellendus quaerat non consequatur.</p>', 'https://picsum.photos/id/27/1000', 4, 2),
(28, 'Maiores maiores dolores ducimus dolorum optio fuga ea.', 'maiores-maiores-dolores-ducimus-dolorum-optio-fuga-ea', 169, 'Maiores omnis consequuntur deleniti ab itaque. Ipsum fugit adipisci qui quas ea ea.', '<p>Aspernatur porro accusamus repudiandae inventore. Qui consequatur tenetur praesentium voluptas optio vitae explicabo. Est consequatur dignissimos reprehenderit quisquam velit qui vel sequi.</p><p>Sapiente recusandae numquam nihil totam sed. Voluptatum doloremque quasi et et voluptatum. Enim qui temporibus velit et.</p><p>Ut harum quia ipsam sunt. Officia impedit eaque voluptatem. Quo non autem ea sed vitae. Perspiciatis placeat reprehenderit rerum quis.</p><p>Nam voluptatem et alias culpa nemo. Beatae id aperiam consectetur rerum molestias quis. Et libero occaecati minima non. Culpa qui ipsum iste.</p><p>Tenetur commodi aut est sed. Nemo ea provident qui ut eveniet occaecati amet. Ipsum reprehenderit rerum in magni sequi ut nihil.</p>', 'https://picsum.photos/id/28/1000', 5, 3),
(29, 'Sit eveniet qui eligendi sint adipisci velit et beatae.', 'sit-eveniet-qui-eligendi-sint-adipisci-velit-et-beatae', 89, 'Fuga quae ipsum dolor culpa ut explicabo suscipit. Enim quos aut qui voluptatum eveniet ipsum odit et. Commodi aut aut non laboriosam architecto occaecati.', '<p>Et perspiciatis eos est quia sequi aut magni. Magni fuga sit facere et. Repudiandae aspernatur iure est ut blanditiis autem est expedita.</p><p>Aspernatur beatae voluptatem ut. Error optio ipsum velit voluptas maiores.</p><p>Fugiat doloremque quo mollitia animi nihil ad amet. Quia dolores non eaque reiciendis sunt voluptate dolor. Odio optio sapiente odit et perspiciatis.</p><p>Quae optio hic ut ab. Recusandae nihil qui iste officia quibusdam. Fugiat ea possimus atque. Esse dolore temporibus non quis voluptas blanditiis voluptates.</p><p>Placeat repellendus ea tempora. Modi cupiditate odit ad reprehenderit debitis.</p>', 'https://picsum.photos/id/29/1000', 2, 3),
(30, 'Molestias eligendi officia placeat voluptatum accusantium.', 'molestias-eligendi-officia-placeat-voluptatum-accusantium', 79, 'Dolore officia ducimus sunt qui non voluptatum labore ut. In rerum aut consequuntur temporibus cumque neque sint qui.', '<p>Iste assumenda facere magni in debitis ea. Aut sunt quia maiores sunt distinctio repellat. Fugiat minima tempore cupiditate molestiae officia explicabo qui. Sit et velit ipsum quis animi dolor.</p><p>Porro quia quis explicabo maiores est vitae pariatur. Ut nesciunt quos sed suscipit eius itaque eum dolores. Nam iusto nesciunt possimus delectus. Omnis et voluptate est quis unde enim quaerat quam.</p><p>Voluptatibus ut perspiciatis similique modi. Ad mollitia odio error aut sequi. Ratione a saepe quae doloribus. In libero porro autem. Omnis eveniet et magnam in quia.</p><p>Reiciendis ut maiores molestias iure qui alias. Laborum qui nihil excepturi tempore. Aut odio voluptatem et. Atque voluptatum eligendi non cupiditate placeat sit.</p><p>Aut repudiandae aliquam animi. Illum sunt dicta earum. Qui aut et adipisci esse. Dignissimos exercitationem voluptas labore quia quod. Perferendis assumenda fugit eius porro labore.</p>', 'https://picsum.photos/id/30/1000', 2, 6),
(31, 'titre avec auteur', 'titre-avec-auteur', 100, 'une introduction de plus de 20 caractères', 'Lorem ipsum dolor sit amet, consectetur adipiscing elit. Praesent dapibus erat nisl, ut blandit ante molestie nec. Nullam sit amet leo augue. Pellentesque imperdiet mauris ante, et scelerisque tellus fringilla sed. Integer dignissim tristique odio et rutrum. Suspendisse et placerat diam, vitae tristique orci. Etiam non tempor massa, ac sagittis ex. Nunc tincidunt luctus purus quis posuere. Aliquam erat volutpat. Phasellus placerat aliquam arcu, eget convallis enim ornare ac. Praesent mattis, nisl ac gravida consectetur, lacus enim hendrerit nisl, vulputate maximus magna est et eros. Phasellus sollicitudin lacus vitae enim egestas pharetra eu sed massa. Praesent maximus finibus eleifend. Nullam non dui quis lorem laoreet facilisis. Curabitur convallis auctor leo, ut congue lorem sodales eu.\r\n\r\nAliquam commodo sed augue quis iaculis. Pellentesque lectus ipsum, ultrices vitae mauris at, condimentum porta libero. Maecenas nec semper eros, semper mattis dui. Etiam placerat lobortis purus, a mollis leo maximus ac. Nunc sit amet justo pulvinar, porttitor libero vitae, mollis risus. Mauris ut lacus sit amet risus condimentum blandit. Morbi et tincidunt ipsum, sit amet interdum orci. Sed fringilla urna turpis. Vivamus nibh dui, rutrum porttitor libero id, dapibus accumsan tellus. Maecenas velit eros, dapibus et tristique sit amet, finibus eu mauris. Pellentesque ut turpis in diam posuere bibendum. Suspendisse iaculis aliquet ex nec sollicitudin.', 'https://cdn.futura-sciences.com/cdn-cgi/image/width=1024,quality=60,format=auto/sources/images/dossier/773/01-intro-773.jpg', 5, 12);

-- --------------------------------------------------------

--
-- Structure de la table `doctrine_migration_versions`
--

DROP TABLE IF EXISTS `doctrine_migration_versions`;
CREATE TABLE IF NOT EXISTS `doctrine_migration_versions` (
  `version` varchar(191) COLLATE utf8mb3_unicode_ci NOT NULL,
  `executed_at` datetime DEFAULT NULL,
  `execution_time` int DEFAULT NULL,
  PRIMARY KEY (`version`)
) ENGINE=InnoDB DEFAULT CHARSET=utf8mb3 COLLATE=utf8mb3_unicode_ci;

--
-- Déchargement des données de la table `doctrine_migration_versions`
--

INSERT INTO `doctrine_migration_versions` (`version`, `executed_at`, `execution_time`) VALUES
('DoctrineMigrations\\Version20241004125959', '2024-10-18 10:26:48', 53),
('DoctrineMigrations\\Version20241009064926', '2024-10-18 10:26:48', 67),
('DoctrineMigrations\\Version20241016072140', '2024-10-18 10:26:48', 28),
('DoctrineMigrations\\Version20241016072720', '2024-10-18 10:26:48', 75);

-- --------------------------------------------------------

--
-- Structure de la table `image`
--

DROP TABLE IF EXISTS `image`;
CREATE TABLE IF NOT EXISTS `image` (
  `id` int NOT NULL AUTO_INCREMENT,
  `ad_id` int NOT NULL,
  `url` varchar(255) COLLATE utf8mb4_unicode_ci NOT NULL,
  `caption` varchar(255) COLLATE utf8mb4_unicode_ci NOT NULL,
  PRIMARY KEY (`id`),
  KEY `IDX_C53D045F4F34D596` (`ad_id`)
) ENGINE=InnoDB AUTO_INCREMENT=104 DEFAULT CHARSET=utf8mb4 COLLATE=utf8mb4_unicode_ci;

--
-- Déchargement des données de la table `image`
--

INSERT INTO `image` (`id`, `ad_id`, `url`, `caption`) VALUES
(1, 1, 'https://picsum.photos/id/1/900', 'Accusantium maiores et earum laborum.'),
(2, 1, 'https://picsum.photos/id/2/900', 'Doloribus quasi similique sed autem consequatur magni.'),
(3, 1, 'https://picsum.photos/id/3/900', 'Animi quas velit debitis consectetur est.'),
(4, 2, 'https://picsum.photos/id/1/900', 'Neque illum eos non suscipit sint at.'),
(5, 2, 'https://picsum.photos/id/2/900', 'Laborum porro aut voluptatem perferendis aliquid minima quaerat voluptatum.'),
(6, 2, 'https://picsum.photos/id/3/900', 'Laudantium ea voluptatem reprehenderit eos.'),
(7, 3, 'https://picsum.photos/id/1/900', 'Unde fugit nulla explicabo.'),
(8, 3, 'https://picsum.photos/id/2/900', 'Ut saepe quisquam ullam ut explicabo odit nulla.'),
(9, 4, 'https://picsum.photos/id/1/900', 'At debitis nulla occaecati quod consequatur.'),
(10, 4, 'https://picsum.photos/id/2/900', 'Modi deleniti mollitia tempora at et.'),
(11, 4, 'https://picsum.photos/id/3/900', 'Et qui consectetur et aperiam in.'),
(12, 5, 'https://picsum.photos/id/1/900', 'Eum voluptatum at incidunt soluta soluta harum.'),
(13, 5, 'https://picsum.photos/id/2/900', 'Fuga maiores tempore odit eos occaecati.'),
(14, 5, 'https://picsum.photos/id/3/900', 'Ex qui autem consequatur animi dolor corrupti repudiandae.'),
(15, 6, 'https://picsum.photos/id/1/900', 'Qui rerum aspernatur suscipit nulla nisi.'),
(16, 6, 'https://picsum.photos/id/2/900', 'Tempore ea qui esse non omnis.'),
(17, 6, 'https://picsum.photos/id/3/900', 'Ipsam unde a doloremque temporibus ut quia.'),
(18, 6, 'https://picsum.photos/id/4/900', 'Vel quia quis vero est doloribus.'),
(19, 6, 'https://picsum.photos/id/5/900', 'Eos tempora in eum.'),
(20, 7, 'https://picsum.photos/id/1/900', 'Quam sit eligendi optio suscipit fuga placeat dolor dolor.'),
(21, 7, 'https://picsum.photos/id/2/900', 'Sit sed dolores suscipit velit similique sed.'),
(22, 7, 'https://picsum.photos/id/3/900', 'Eos fuga nulla autem.'),
(23, 8, 'https://picsum.photos/id/1/900', 'Ut rem quaerat voluptatibus neque quae non dolores.'),
(24, 8, 'https://picsum.photos/id/2/900', 'Repellat eaque doloribus sunt dolore quia ipsa mollitia delectus.'),
(25, 8, 'https://picsum.photos/id/3/900', 'Dolores temporibus consectetur eos et exercitationem est ipsam libero.'),
(26, 8, 'https://picsum.photos/id/4/900', 'Dolorem quaerat et provident est.'),
(27, 9, 'https://picsum.photos/id/1/900', 'Velit aspernatur commodi perspiciatis autem fuga quia.'),
(28, 9, 'https://picsum.photos/id/2/900', 'Qui est qui velit fugiat.'),
(29, 9, 'https://picsum.photos/id/3/900', 'Cumque quasi aspernatur delectus saepe voluptas eum.'),
(30, 10, 'https://picsum.photos/id/1/900', 'Ea incidunt quod iste quia accusamus.'),
(31, 10, 'https://picsum.photos/id/2/900', 'Cupiditate autem necessitatibus est numquam ipsum.'),
(32, 10, 'https://picsum.photos/id/3/900', 'Sunt autem enim voluptatem quia aliquid.'),
(33, 11, 'https://picsum.photos/id/1/900', 'Optio incidunt ab iure qui commodi optio.'),
(34, 11, 'https://picsum.photos/id/2/900', 'Corrupti enim qui eius accusantium neque.'),
(35, 12, 'https://picsum.photos/id/1/900', 'Perspiciatis libero unde voluptatem est sit.'),
(36, 12, 'https://picsum.photos/id/2/900', 'Tenetur quae hic ex eveniet sit.'),
(37, 13, 'https://picsum.photos/id/1/900', 'Adipisci consequatur voluptates doloribus.'),
(38, 13, 'https://picsum.photos/id/2/900', 'Est distinctio non est sed facilis minus tempora.'),
(39, 13, 'https://picsum.photos/id/3/900', 'Incidunt minus autem rerum.'),
(40, 13, 'https://picsum.photos/id/4/900', 'Aut consectetur suscipit aut quae corrupti error facilis.'),
(41, 14, 'https://picsum.photos/id/1/900', 'Nesciunt accusantium officiis repudiandae nobis et.'),
(42, 14, 'https://picsum.photos/id/2/900', 'Voluptatem libero commodi qui voluptates odio vel maxime ipsa.'),
(43, 14, 'https://picsum.photos/id/3/900', 'Temporibus blanditiis eum aut omnis consequatur exercitationem temporibus.'),
(44, 15, 'https://picsum.photos/id/1/900', 'Ea id sunt omnis reiciendis ex possimus.'),
(45, 15, 'https://picsum.photos/id/2/900', 'Soluta qui dolorem quam delectus dolor ullam.'),
(46, 15, 'https://picsum.photos/id/3/900', 'Pariatur officiis quisquam repellat placeat dolor consequatur enim.'),
(47, 15, 'https://picsum.photos/id/4/900', 'Ut eum vitae at sint nostrum ut provident.'),
(48, 15, 'https://picsum.photos/id/5/900', 'Fugiat et totam consequatur quibusdam maiores.'),
(49, 16, 'https://picsum.photos/id/1/900', 'Sit velit rem voluptas sint.'),
(50, 16, 'https://picsum.photos/id/2/900', 'Officiis rerum nemo voluptate error eaque.'),
(51, 16, 'https://picsum.photos/id/3/900', 'Aut culpa voluptates sint minus.'),
(52, 17, 'https://picsum.photos/id/1/900', 'Id eveniet consequatur consequatur eum dolor dolorem nemo velit.'),
(53, 17, 'https://picsum.photos/id/2/900', 'Cumque omnis odit officiis quo.'),
(54, 18, 'https://picsum.photos/id/1/900', 'Natus laudantium et hic soluta.'),
(55, 18, 'https://picsum.photos/id/2/900', 'Vitae blanditiis accusamus impedit.'),
(56, 18, 'https://picsum.photos/id/3/900', 'Repudiandae deleniti veritatis cum.'),
(57, 19, 'https://picsum.photos/id/1/900', 'Deserunt consequuntur excepturi nobis commodi voluptatem saepe.'),
(58, 19, 'https://picsum.photos/id/2/900', 'Voluptas ab veniam autem.'),
(59, 19, 'https://picsum.photos/id/3/900', 'Sequi repellendus iusto dolore qui.'),
(60, 19, 'https://picsum.photos/id/4/900', 'Aliquid nesciunt ea hic modi dolores et.'),
(61, 19, 'https://picsum.photos/id/5/900', 'Aliquid animi quia corrupti eum vero.'),
(62, 20, 'https://picsum.photos/id/1/900', 'Doloribus eum ab qui sed perferendis et.'),
(63, 20, 'https://picsum.photos/id/2/900', 'Ex accusantium qui non eos eaque velit.'),
(64, 20, 'https://picsum.photos/id/3/900', 'Nam quia maxime necessitatibus et harum.'),
(65, 21, 'https://picsum.photos/id/1/900', 'Qui dicta repudiandae rerum laudantium.'),
(66, 21, 'https://picsum.photos/id/2/900', 'Omnis eligendi commodi delectus libero facilis.'),
(67, 21, 'https://picsum.photos/id/3/900', 'Qui similique quas placeat.'),
(68, 22, 'https://picsum.photos/id/1/900', 'Nam est doloremque molestiae fugiat omnis sint.'),
(69, 22, 'https://picsum.photos/id/2/900', 'Quis porro ut at asperiores dolores natus.'),
(70, 22, 'https://picsum.photos/id/3/900', 'Nostrum error quia fugit asperiores harum commodi.'),
(71, 22, 'https://picsum.photos/id/4/900', 'Quod tenetur tempore sunt deserunt consequuntur.'),
(72, 22, 'https://picsum.photos/id/5/900', 'Quibusdam ea excepturi quibusdam molestiae.'),
(73, 23, 'https://picsum.photos/id/1/900', 'Deserunt voluptates quia aut explicabo voluptas voluptate asperiores.'),
(74, 23, 'https://picsum.photos/id/2/900', 'Molestiae fuga odit nobis dignissimos quos inventore hic.'),
(75, 24, 'https://picsum.photos/id/1/900', 'Qui molestias rerum dolor quia nesciunt alias rerum deserunt.'),
(76, 24, 'https://picsum.photos/id/2/900', 'Eius omnis officia necessitatibus optio qui.'),
(77, 24, 'https://picsum.photos/id/3/900', 'Culpa provident consequatur debitis officiis aliquam nemo.'),
(78, 24, 'https://picsum.photos/id/4/900', 'Impedit minus omnis quasi mollitia similique.'),
(79, 25, 'https://picsum.photos/id/1/900', 'Nam quasi qui perspiciatis autem dolores.'),
(80, 25, 'https://picsum.photos/id/2/900', 'Voluptatibus porro quo a omnis quo eveniet.'),
(81, 26, 'https://picsum.photos/id/1/900', 'Assumenda qui aspernatur fugit mollitia doloribus rerum qui.'),
(82, 26, 'https://picsum.photos/id/2/900', 'Sint repellendus id odio nostrum ex et aspernatur.'),
(83, 26, 'https://picsum.photos/id/3/900', 'Labore ipsam ratione id et.'),
(84, 27, 'https://picsum.photos/id/1/900', 'Assumenda aut nam quis non fugiat facilis porro.'),
(85, 27, 'https://picsum.photos/id/2/900', 'Id hic hic similique quo aperiam laborum molestias modi.'),
(86, 27, 'https://picsum.photos/id/3/900', 'Doloribus odit sed eos.'),
(87, 27, 'https://picsum.photos/id/4/900', 'Ut consequatur atque et.'),
(88, 27, 'https://picsum.photos/id/5/900', 'Sit enim vel doloremque et non pariatur et.'),
(89, 28, 'https://picsum.photos/id/1/900', 'Eum sapiente quia perspiciatis aut aut qui ex.'),
(90, 28, 'https://picsum.photos/id/2/900', 'Qui qui perferendis qui omnis rem occaecati a.'),
(91, 28, 'https://picsum.photos/id/3/900', 'Voluptatum quaerat ea odit excepturi.'),
(92, 28, 'https://picsum.photos/id/4/900', 'Iste quis ratione et porro laborum.'),
(93, 28, 'https://picsum.photos/id/5/900', 'Sed cupiditate numquam optio facilis eligendi et.'),
(94, 29, 'https://picsum.photos/id/1/900', 'Quas ut quidem nihil voluptatem harum.'),
(95, 29, 'https://picsum.photos/id/2/900', 'Nulla tempora quis et ea.'),
(96, 29, 'https://picsum.photos/id/3/900', 'Iure et ipsa vitae at consectetur.'),
(97, 29, 'https://picsum.photos/id/4/900', 'Minus aut sint labore omnis recusandae culpa iste.'),
(98, 30, 'https://picsum.photos/id/1/900', 'Reprehenderit aperiam et quasi beatae.'),
(99, 30, 'https://picsum.photos/id/2/900', 'Dignissimos aut ut consequuntur.'),
(100, 30, 'https://picsum.photos/id/3/900', 'Voluptate temporibus est earum repudiandae atque et.'),
(101, 30, 'https://picsum.photos/id/4/900', 'Aut vitae voluptas id ullam quisquam tempore temporibus eaque.'),
(102, 31, 'https://cdn.futura-sciences.com/cdn-cgi/image/width=1024,quality=60,format=auto/sources/images/dossier/773/01-intro-773.jpg', 'titre de l\'image 1'),
(103, 31, 'https://cdn.futura-sciences.com/cdn-cgi/image/width=1024,quality=60,format=auto/sources/images/dossier/773/01-intro-773.jpg', 'titre de l\'image 2');

-- --------------------------------------------------------

--
-- Structure de la table `messenger_messages`
--

DROP TABLE IF EXISTS `messenger_messages`;
CREATE TABLE IF NOT EXISTS `messenger_messages` (
  `id` bigint NOT NULL AUTO_INCREMENT,
  `body` longtext COLLATE utf8mb4_unicode_ci NOT NULL,
  `headers` longtext COLLATE utf8mb4_unicode_ci NOT NULL,
  `queue_name` varchar(190) COLLATE utf8mb4_unicode_ci NOT NULL,
  `created_at` datetime NOT NULL COMMENT '(DC2Type:datetime_immutable)',
  `available_at` datetime NOT NULL COMMENT '(DC2Type:datetime_immutable)',
  `delivered_at` datetime DEFAULT NULL COMMENT '(DC2Type:datetime_immutable)',
  PRIMARY KEY (`id`),
  KEY `IDX_75EA56E0FB7336F0` (`queue_name`),
  KEY `IDX_75EA56E0E3BD61CE` (`available_at`),
  KEY `IDX_75EA56E016BA31DB` (`delivered_at`)
) ENGINE=InnoDB DEFAULT CHARSET=utf8mb4 COLLATE=utf8mb4_unicode_ci;

-- --------------------------------------------------------

--
-- Structure de la table `user`
--

DROP TABLE IF EXISTS `user`;
CREATE TABLE IF NOT EXISTS `user` (
  `id` int NOT NULL AUTO_INCREMENT,
  `email` varchar(180) COLLATE utf8mb4_unicode_ci NOT NULL,
  `roles` json NOT NULL,
  `password` varchar(255) COLLATE utf8mb4_unicode_ci NOT NULL,
  `first_name` varchar(255) COLLATE utf8mb4_unicode_ci NOT NULL,
  `last_name` varchar(255) COLLATE utf8mb4_unicode_ci NOT NULL,
  `picture` varchar(255) COLLATE utf8mb4_unicode_ci DEFAULT NULL,
  `introduction` varchar(255) COLLATE utf8mb4_unicode_ci NOT NULL,
  `description` longtext COLLATE utf8mb4_unicode_ci NOT NULL,
  `slug` varchar(255) COLLATE utf8mb4_unicode_ci NOT NULL,
  PRIMARY KEY (`id`),
  UNIQUE KEY `UNIQ_IDENTIFIER_EMAIL` (`email`)
) ENGINE=InnoDB AUTO_INCREMENT=14 DEFAULT CHARSET=utf8mb4 COLLATE=utf8mb4_unicode_ci;

--
-- Déchargement des données de la table `user`
--

INSERT INTO `user` (`id`, `email`, `roles`, `password`, `first_name`, `last_name`, `picture`, `introduction`, `description`, `slug`) VALUES
(1, 'pierre76@delaunay.net', '[]', '$2y$13$hzVeBCW7XldUtUUIgz0po.spAl1kBjo0Y01I77ys.R2PqTTgtQZau', 'Luc', 'Blanc', 'https://randomuser.me/api/portraits/men/76.jpg', 'Minima reiciendis mollitia repellendus enim non.', '<p>Vel delectus ex eligendi nesciunt vitae. Et inventore nemo repellat inventore quia ex qui culpa. Itaque non tempore ut.</p><p>Sed possimus eius ut et. Nam ut culpa repellat quod. Dicta natus fugiat qui qui a maxime incidunt. Rem libero qui voluptatem. Occaecati error id sunt magni.</p><p>Nihil et eum dolor velit deserunt sit. Non voluptas laudantium veritatis quia. Sed non et possimus eum sunt voluptatem necessitatibus. Exercitationem consequuntur dolor enim omnis libero deleniti.</p>', 'luc-blanc-671237f82e0a7'),
(2, 'theodore.ruiz@laposte.net', '[]', '$2y$13$Pygy2xszmnYSM1yRG0fQJe8vVLaz8UjrMgTrWiYAuZDup36A6EwsK', 'Marguerite', 'Lecomte', 'https://randomuser.me/api/portraits/women/64.jpg', 'Id enim delectus voluptatem ab id qui facilis.', '<p>Dolore illum non placeat et quia. Eum earum nihil nihil officia tempora voluptates consequatur. Necessitatibus maiores iusto veritatis qui neque. Libero et eligendi qui tenetur.</p><p>Culpa possimus saepe recusandae eos. Optio voluptatem nihil amet aut aut minima. Nihil consequatur velit consequatur cupiditate sit.</p><p>Animi ut fugiat quae placeat. Aliquid quas quasi voluptatem atque. Et tempore dolor fuga illum accusamus id. Aut qui possimus aliquam odio voluptas sit et.</p>', 'marguerite-lecomte-671237f8c3527'),
(3, 'moulin.adrien@renard.fr', '[]', '$2y$13$YeymiMFfexQM2OdlJkGq3OxDtkDnFBx6WiiK3opavtSaig3P1DCLW', 'Victor', 'Morvan', 'https://randomuser.me/api/portraits/men/13.jpg', 'Iusto officia tempora temporibus eos.', '<p>Impedit dolores consequuntur temporibus non fugit molestiae quia excepturi. Ex molestias ut reprehenderit dolores. Unde quo saepe provident voluptatibus iste nesciunt.</p><p>Officiis voluptate perspiciatis dolores ea rerum corrupti. Exercitationem id nam sed architecto similique natus. Rem voluptatem sed harum rerum aut tenetur autem.</p><p>Cumque perspiciatis et magni accusantium. Accusantium alias autem corrupti consectetur. Reiciendis provident voluptatum dolores et voluptatem eum aut quis. Aut quae quis dolores nulla ea doloremque.</p>', 'victor-morvan-671237f955f1f'),
(4, 'lucy55@free.fr', '[]', '$2y$13$A9MT8V3cgx65auGdScdqhOv/tAyY8LZlRxUVHng/EO2lRQvN.JHvK', 'Jean', 'Breton', 'https://randomuser.me/api/portraits/women/13.jpg', 'Et dolorum cupiditate corrupti enim voluptatum quis molestiae.', '<p>Est animi repellat accusantium quidem. Ratione eum est numquam totam incidunt. Non quia ut rem voluptas odit libero.</p><p>Nisi culpa provident vel culpa. Qui doloribus architecto quia non. Quo corrupti est saepe. Laborum dolores fugit aspernatur autem.</p><p>Accusantium eveniet ut hic autem repellat qui et. Quae ullam quia eveniet aperiam quo expedita. Delectus perferendis est facere libero ipsam libero.</p>', 'jean-breton-671237f9dc089'),
(5, 'faure.julie@orange.fr', '[]', '$2y$13$4D83xrjMK4xAVSaPgCpEoOqMWcCWwvRQiIMgQsgH6q/POshGBrbam', 'Suzanne', 'Guyot', 'https://randomuser.me/api/portraits/women/66.jpg', 'Velit cupiditate voluptatem nobis quas aut ea.', '<p>Esse commodi animi ut qui. Neque nam dicta atque natus incidunt molestias.</p><p>Id totam voluptas qui et est. Fugit totam eum odit similique porro eos dicta facilis. Autem soluta voluptate sint pariatur ut quia. Qui dolorem enim non quaerat qui.</p><p>Suscipit sit rerum natus similique adipisci sapiente. Nihil nulla quidem magnam sit distinctio dolorem labore. Id illo sed et blanditiis voluptate autem. Omnis aut voluptatem dolores sint quidem.</p>', 'suzanne-guyot-671237fa6de9b'),
(6, 'meunier.arthur@leroy.fr', '[]', '$2y$13$dstYcWRR325ZLl4R/1R2meqC9m2pd4c/0mYGZSw9fDTgtVa3NyWVi', 'Daniel', 'Paul', 'https://randomuser.me/api/portraits/men/13.jpg', 'Libero unde aliquam dolorem asperiores.', '<p>Magni mollitia voluptatem omnis autem. Magnam aut perspiciatis omnis quas et occaecati possimus. Necessitatibus et in molestiae sunt non qui. Nulla id maiores et perferendis accusantium dicta.</p><p>Id consectetur inventore quas eos beatae. Fuga et ducimus voluptatum placeat. Dolorem et est est ex laborum.</p><p>Dolorem quidem perferendis quia ut ut. Itaque laudantium asperiores in molestiae. Doloribus ipsam sequi sit doloremque magnam expedita architecto. Similique sapiente placeat animi illo.</p>', 'daniel-paul-671237fb004b6'),
(7, 'danielle79@free.fr', '[]', '$2y$13$Ka1cFv/T3mrl5h8sS43RTOk/jh5IJH2pwWkoJOthGOhbXLku.HS4G', 'Émilie', 'Alexandre', 'https://randomuser.me/api/portraits/women/66.jpg', 'Et est soluta quisquam veritatis omnis aperiam nulla.', '<p>Et corporis dicta aut accusamus. Nihil perspiciatis qui repellat possimus sed sit sed. Optio possimus vero voluptatem debitis. Doloremque accusantium reiciendis voluptatem molestias unde odio enim.</p><p>Exercitationem inventore eaque non eaque quasi accusantium. Aut consequuntur commodi facere dignissimos aut molestiae excepturi.</p><p>Ducimus dolores est eum sed ut occaecati. Consequatur omnis vel voluptas quae velit fugiat quas. Quis dignissimos earum dolor. Autem consequatur magni voluptates et dolore repellendus est.</p>', 'emilie-alexandre-671237fb870c6'),
(8, 'honore.hernandez@gmail.com', '[]', '$2y$13$9GEGeRNafQtAvw194TixZu69EYUOjq9jF1k/YqPwSzkBzKhJba4H.', 'Vincent', 'Laine', 'https://randomuser.me/api/portraits/men/10.jpg', 'Odio libero sint sit ipsam animi voluptatibus.', '<p>Qui magnam iusto ut omnis et voluptatum. In commodi aut reprehenderit neque. Similique nam minima id est delectus. Voluptas qui repellendus laborum quam corrupti sint.</p><p>Voluptatem illo unde ex ducimus repellat quos. Excepturi dolor debitis earum. Dicta illo animi numquam nobis quod sed velit.</p><p>Omnis sit nihil quibusdam praesentium. Nihil ad temporibus commodi sint labore quia. Error quis assumenda dolores ut.</p>', 'vincent-laine-671237fc19656'),
(9, 'bertrand26@pottier.com', '[]', '$2y$13$zDXvZqZh6.urzKjFNL0i4eusO/35yvNRVHGiQfGcFCDbB0q32gY2O', 'Matthieu', 'Delattre', 'https://randomuser.me/api/portraits/women/67.jpg', 'Non magnam temporibus voluptate nulla a ut.', '<p>Aut sit et aut odit animi hic. Qui ut consequatur dolorem optio. Quas distinctio dicta delectus dignissimos in.</p><p>Non eos consequatur ut. Molestiae quaerat est sunt consectetur esse ut. Quos doloribus qui porro modi nihil labore illum.</p><p>Omnis non ut voluptatum dolorem voluptas est. Et maiores maxime aspernatur magnam unde asperiores. Natus voluptates quibusdam non incidunt eum magni non tenetur.</p>', 'matthieu-delattre-671237fca05a9'),
(10, 'dubois.cecile@dbmail.com', '[]', '$2y$13$BXRm2Ns8dGauW.QI9vyHoeJRuz3SV/PVkyTrrf8.DVupZmlMRHQHq', 'Noël', 'Royer', 'https://randomuser.me/api/portraits/men/94.jpg', 'Sed dicta sed cum.', '<p>Necessitatibus laborum nisi autem cum qui. Ipsam sed eligendi exercitationem aut ut. Rerum aperiam earum eos debitis dolorum voluptates. Dolorem fugit in rerum harum nesciunt.</p><p>Exercitationem deleniti omnis dolorum expedita nihil qui soluta. Nemo incidunt esse deserunt nihil sequi. Iusto eos illum sed sunt.</p><p>Reprehenderit quis itaque et. Illo et enim eum laboriosam est at. Vero autem dolor rem suscipit.</p>', 'noel-royer-671237fd320e7'),
(11, 'berti@epse.be', '[]', '$2y$13$Xlm4Ok6Km1zug8RRJiNDfO61YvBMSeSJHCg7Kd8YPNNgX4mqxj/sa', 'Giordano', 'Berti', 'https://f.hellowork.com/blogdumoderateur/2024/04/Midjourney-guide-photorealisme.jpg', 'une petite introduction', 'Lorem ipsum dolor sit amet, consectetur adipiscing elit. Integer nulla tellus, cursus in sapien vitae, tristique viverra orci. Ut congue placerat justo, eu commodo velit venenatis et. Nunc eleifend magna sem, vel suscipit diam aliquam nec. Ut elementum elementum feugiat. Lorem ipsum dolor sit amet, consectetur adipiscing elit. Curabitur eros mi, venenatis et augue pretium, feugiat mollis augue. Maecenas facilisis justo id aliquet sodales.\r\n\r\nPellentesque elementum lacus at ipsum efficitur, sit amet imperdiet risus pharetra. Curabitur tristique lacus magna, nec varius ligula vestibulum id. Etiam nec arcu sit amet nisl tempor tempus. Lorem ipsum dolor sit amet, consectetur adipiscing elit. Sed vel dui egestas, porttitor turpis pharetra, consequat purus. Etiam eu hendrerit risus. Nulla sem tortor, porta vitae tortor ac, maximus vulputate massa. Quisque feugiat euismod risus, vel accumsan mauris eleifend eu. Morbi pulvinar eu tortor quis maximus. Donec feugiat suscipit felis, rhoncus gravida purus elementum nec. Maecenas porttitor molestie elementum. Vivamus rutrum dignissim consequat. Nam lacinia metus non ipsum imperdiet lobortis. Donec ornare odio non ante pulvinar, at aliquam est suscipit. Donec urna turpis, dapibus sit amet tincidunt elementum, tincidunt ac urna.', 'jordan-berti-67123f25d6e75'),
(12, 'jordan@epse.be', '[]', '$2y$13$eyX89vXe7cW4WBRa4KhKAu4KA51wCgCh7lWsFTaMUcg/F3TGw3pVS', 'Gio', 'Berti', 'gratisographycyberkitty800x525-671265d92b456.jpg', 'une introduction de l\'utilisateur (edit)', 'Lorem ipsum dolor sit amet, consectetur adipiscing elit. Praesent dapibus erat nisl, ut blandit ante molestie nec. Nullam sit amet leo augue. Pellentesque imperdiet mauris ante, et scelerisque tellus fringilla sed. Integer dignissim tristique odio et rutrum. Suspendisse et placerat diam, vitae tristique orci. Etiam non tempor massa, ac sagittis ex. Nunc tincidunt luctus purus quis posuere. Aliquam erat volutpat. Phasellus placerat aliquam arcu, eget convallis enim ornare ac. Praesent mattis, nisl ac gravida consectetur, lacus enim hendrerit nisl, vulputate maximus magna est et eros. Phasellus sollicitudin lacus vitae enim egestas pharetra eu sed massa. Praesent maximus finibus eleifend. Nullam non dui quis lorem laoreet facilisis. Curabitur convallis auctor leo, ut congue lorem sodales eu.\r\n\r\nAliquam commodo sed augue quis iaculis. Pellentesque lectus ipsum, ultrices vitae mauris at, condimentum porta libero. Maecenas nec semper eros, semper mattis dui. Etiam placerat lobortis purus, a mollis leo maximus ac. Nunc sit amet justo pulvinar, porttitor libero vitae, mollis risus. Mauris ut lacus sit amet risus condimentum blandit. Morbi et tincidunt ipsum, sit amet interdum orci. Sed fringilla urna turpis. Vivamus nibh dui, rutrum porttitor libero id, dapibus accumsan tellus. Maecenas velit eros, dapibus et tristique sit amet, finibus eu mauris. Pellentesque ut turpis in diam posuere bibendum. Suspendisse iaculis aliquet ex nec sollicitudin.', 'gio-berti-671267627243f'),
(13, 'berti2@epse.be', '[]', '$2y$13$k7JX5IX/NqKAtP.lJbYy1.WplrjKg9aDj1ddY/VlKn3ANhDCmVrY6', 'test', 'test', 'photo153345071859229d45635f0a9-6729fb6995bcd.jpg', 'une petite introduction de 10 caractère', 'une petite introduction de 10 caractèreune petite introduction de 10 caractèreune petite introduction de 10 caractèreune petite introduction de 10 caractèreune petite introduction de 10 caractèreune petite introduction de 10 caractèreune petite introduction de 10 caractèreune petite introduction de 10 caractèreune petite introduction de 10 caractèreune petite introduction de 10 caractèreune petite introduction de 10 caractèreune petite introduction de 10 caractèreune petite introduction de 10 caractèreune petite introduction de 10 caractèreune petite introduction de 10 caractèreune petite introduction de 10 caractèreune petite introduction de 10 caractère', 'test-test-6729fb3c22d69');

--
-- Contraintes pour les tables déchargées
--

--
-- Contraintes pour la table `ad`
--
ALTER TABLE `ad`
  ADD CONSTRAINT `FK_77E0ED58F675F31B` FOREIGN KEY (`author_id`) REFERENCES `user` (`id`);

--
-- Contraintes pour la table `image`
--
ALTER TABLE `image`
  ADD CONSTRAINT `FK_C53D045F4F34D596` FOREIGN KEY (`ad_id`) REFERENCES `ad` (`id`);
--
-- Base de données : `intro`
--
CREATE DATABASE IF NOT EXISTS `intro` DEFAULT CHARACTER SET utf8mb4 COLLATE utf8mb4_general_ci;
USE `intro`;

-- --------------------------------------------------------

--
-- Structure de la table `stock`
--

DROP TABLE IF EXISTS `stock`;
CREATE TABLE IF NOT EXISTS `stock` (
  `id` int NOT NULL AUTO_INCREMENT,
  `nom` varchar(60) COLLATE utf8mb4_general_ci NOT NULL,
  `description` text COLLATE utf8mb4_general_ci NOT NULL,
  `date` date NOT NULL,
  PRIMARY KEY (`id`)
) ENGINE=MyISAM AUTO_INCREMENT=6 DEFAULT CHARSET=utf8mb4 COLLATE=utf8mb4_general_ci;

--
-- Déchargement des données de la table `stock`
--

INSERT INTO `stock` (`id`, `nom`, `description`, `date`) VALUES
(1, 'test 23', 'une petite description \r\navec un retour à la ligne', '2024-09-03'),
(2, 'produit 1', 'test', '2024-09-05'),
(3, 'Produit 2', 'test', '2024-09-06'),
(4, 'Produit 3', 'test', '2024-09-06'),
(5, 'Produit 4', 'test', '2024-09-05');
--
-- Base de données : `portail`
--
CREATE DATABASE IF NOT EXISTS `portail` DEFAULT CHARACTER SET utf8mb4 COLLATE utf8mb4_general_ci;
USE `portail`;

-- --------------------------------------------------------

--
-- Structure de la table `admin`
--

DROP TABLE IF EXISTS `admin`;
CREATE TABLE IF NOT EXISTS `admin` (
  `id` int NOT NULL AUTO_INCREMENT,
  `login` varchar(60) COLLATE utf8mb4_general_ci NOT NULL,
  `password` varchar(255) COLLATE utf8mb4_general_ci NOT NULL,
  PRIMARY KEY (`id`)
) ENGINE=MyISAM AUTO_INCREMENT=2 DEFAULT CHARSET=utf8mb4 COLLATE=utf8mb4_general_ci;

--
-- Déchargement des données de la table `admin`
--

INSERT INTO `admin` (`id`, `login`, `password`) VALUES
(1, 'admin', '$2y$10$FgdZz5nxKNjjJFWjxhsN4.B0P3IwgoXjdgRqjAQMacIw9/JjIjuPK');

-- --------------------------------------------------------

--
-- Structure de la table `categories`
--

DROP TABLE IF EXISTS `categories`;
CREATE TABLE IF NOT EXISTS `categories` (
  `id` int NOT NULL AUTO_INCREMENT,
  `nom` varchar(255) CHARACTER SET utf8mb4 COLLATE utf8mb4_general_ci NOT NULL,
  PRIMARY KEY (`id`)
) ENGINE=MyISAM AUTO_INCREMENT=4 DEFAULT CHARSET=utf8mb4 COLLATE=utf8mb4_general_ci;

--
-- Déchargement des données de la table `categories`
--

INSERT INTO `categories` (`id`, `nom`) VALUES
(1, 'Supérieur'),
(2, 'Secondaire'),
(3, 'Primaire');

-- --------------------------------------------------------

--
-- Structure de la table `etablissements`
--

DROP TABLE IF EXISTS `etablissements`;
CREATE TABLE IF NOT EXISTS `etablissements` (
  `id` int NOT NULL AUTO_INCREMENT,
  `nom` varchar(255) CHARACTER SET utf8mb4 COLLATE utf8mb4_general_ci NOT NULL,
  `description` text CHARACTER SET utf8mb4 COLLATE utf8mb4_general_ci NOT NULL,
  `introduction` text CHARACTER SET utf8mb4 COLLATE utf8mb4_general_ci NOT NULL,
  `image` varchar(255) CHARACTER SET utf8mb4 COLLATE utf8mb4_general_ci NOT NULL,
  `categorie` int NOT NULL DEFAULT '1',
  PRIMARY KEY (`id`)
) ENGINE=MyISAM AUTO_INCREMENT=7 DEFAULT CHARSET=utf8mb4 COLLATE=utf8mb4_general_ci;

--
-- Déchargement des données de la table `etablissements`
--

INSERT INTO `etablissements` (`id`, `nom`, `description`, `introduction`, `image`, `categorie`) VALUES
(1, 'Etablissement 1', 'Lorem ipsum dolor sit amet, consectetur adipiscing elit. Praesent accumsan ipsum non eros efficitur, quis bibendum felis bibendum. In vitae porttitor neque. Nam blandit, velit id iaculis ullamcorper, lacus mi interdum risus, a euismod turpis enim sit amet lectus. Maecenas sagittis eros non aliquam finibus. Suspendisse aliquam metus nisi, scelerisque pretium ex congue in. Phasellus quis dolor ac arcu dignissim tempus. Pellentesque eget libero sem. Quisque sagittis vel tellus vel congue. Ut quis malesuada magna. Maecenas id diam vestibulum, tempor tellus non, dapibus velit. Mauris pellentesque viverra erat ac congue. Proin vel elementum sapien. Donec vitae nibh velit.\r\n\r\nSed egestas leo eu nulla porttitor, nec dignissim velit ullamcorper. Aliquam rhoncus sem sit amet mauris vehicula mollis. Integer ultricies arcu at lectus condimentum cursus. Mauris velit turpis, mattis eget facilisis vitae, vestibulum non nisl. Maecenas facilisis metus luctus, volutpat turpis vel, tristique lacus. Morbi molestie ac mi at elementum. Pellentesque vel libero malesuada ex consectetur rutrum ut eget arcu. Ut sed sollicitudin mi. Vivamus euismod sapien at consectetur blandit. Etiam nec tristique nulla. Nullam in sem ac dui pulvinar sodales. Morbi congue sit amet magna id porttitor. Donec in dignissim dolor. Nunc et magna nec dui volutpat facilisis nec sodales orci. ', 'Lorem ipsum dolor sit amet, consectetur adipiscing elit. Praesent accumsan ipsum non eros efficitur, quis bibendum felis bibendum. In vitae porttitor neque. Nam blandit, velit id iaculis ullamcorper, lacus mi interdum risus, a euismod turpis enim sit amet lectus. Maecenas sagittis eros non aliquam finibus. Suspendisse aliquam metus nisi, ', 'image.jpg', 1),
(2, 'Etablissement 2', ' Lorem ipsum dolor sit amet, consectetur adipiscing elit. Praesent accumsan ipsum non eros efficitur, quis bibendum felis bibendum. In vitae porttitor neque. Nam blandit, velit id iaculis ullamcorper, lacus mi interdum risus, a euismod turpis enim sit amet lectus. Maecenas sagittis eros non aliquam finibus. Suspendisse aliquam metus nisi, scelerisque pretium ex congue in. Phasellus quis dolor ac arcu dignissim tempus. Pellentesque eget libero sem. Quisque sagittis vel tellus vel congue. Ut quis malesuada magna. Maecenas id diam vestibulum, tempor tellus non, dapibus velit. Mauris pellentesque viverra erat ac congue. Proin vel elementum sapien. Donec vitae nibh velit.\r\n\r\nSed egestas leo eu nulla porttitor, nec dignissim velit ullamcorper. Aliquam rhoncus sem sit amet mauris vehicula mollis. Integer ultricies arcu at lectus condimentum cursus. Mauris velit turpis, mattis eget facilisis vitae, vestibulum non nisl. Maecenas facilisis metus luctus, volutpat turpis vel, tristique lacus. Morbi molestie ac mi at elementum. Pellentesque vel libero malesuada ex consectetur rutrum ut eget arcu. Ut sed sollicitudin mi. Vivamus euismod sapien at consectetur blandit. Etiam nec tristique nulla. Nullam in sem ac dui pulvinar sodales. Morbi congue sit amet magna id porttitor. Donec in dignissim dolor. Nunc et magna nec dui volutpat facilisis nec sodales orci. ', 'Lorem ipsum dolor sit amet, consectetur adipiscing elit. Praesent accumsan ipsum non eros efficitur, quis bibendum felis bibendum. In vitae porttitor neque. Nam blandit, velit id iaculis ullamcorper, lacus mi interdum risus, a euismod turpis enim sit amet lectus. Maecenas sagittis eros non aliquam finibus. Suspendisse aliquam metus nisi, ', 'image.jpg', 1),
(4, 'Etablissement 3', ' Lorem ipsum dolor sit amet, consectetur adipiscing elit. Praesent accumsan ipsum non eros efficitur, quis bibendum felis bibendum. In vitae porttitor neque. Nam blandit, velit id iaculis ullamcorper, lacus mi interdum risus, a euismod turpis enim sit amet lectus. Maecenas sagittis eros non aliquam finibus. Suspendisse aliquam metus nisi, scelerisque pretium ex congue in. Phasellus quis dolor ac arcu dignissim tempus. Pellentesque eget libero sem. Quisque sagittis vel tellus vel congue. Ut quis malesuada magna. Maecenas id diam vestibulum, tempor tellus non, dapibus velit. Mauris pellentesque viverra erat ac congue. Proin vel elementum sapien. Donec vitae nibh velit.\r\n\r\nSed egestas leo eu nulla porttitor, nec dignissim velit ullamcorper. Aliquam rhoncus sem sit amet mauris vehicula mollis. Integer ultricies arcu at lectus condimentum cursus. Mauris velit turpis, mattis eget facilisis vitae, vestibulum non nisl. Maecenas facilisis metus luctus, volutpat turpis vel, tristique lacus. Morbi molestie ac mi at elementum. Pellentesque vel libero malesuada ex consectetur rutrum ut eget arcu. Ut sed sollicitudin mi. Vivamus euismod sapien at consectetur blandit. Etiam nec tristique nulla. Nullam in sem ac dui pulvinar sodales. Morbi congue sit amet magna id porttitor. Donec in dignissim dolor. Nunc et magna nec dui volutpat facilisis nec sodales orci. ', 'Lorem ipsum dolor sit amet, consectetur adipiscing elit. Praesent accumsan ipsum non eros efficitur, quis bibendum felis bibendum. In vitae porttitor neque. Nam blandit, velit id iaculis ullamcorper, lacus mi interdum risus, a euismod turpis enim sit amet lectus. Maecenas sagittis eros non aliquam finibus. Suspendisse aliquam metus nisi, ', 'image.jpg', 1),
(5, 'Etablissement 4', ' Lorem ipsum dolor sit amet, consectetur adipiscing elit. Praesent accumsan ipsum non eros efficitur, quis bibendum felis bibendum. In vitae porttitor neque. Nam blandit, velit id iaculis ullamcorper, lacus mi interdum risus, a euismod turpis enim sit amet lectus. Maecenas sagittis eros non aliquam finibus. Suspendisse aliquam metus nisi, scelerisque pretium ex congue in. Phasellus quis dolor ac arcu dignissim tempus. Pellentesque eget libero sem. Quisque sagittis vel tellus vel congue. Ut quis malesuada magna. Maecenas id diam vestibulum, tempor tellus non, dapibus velit. Mauris pellentesque viverra erat ac congue. Proin vel elementum sapien. Donec vitae nibh velit.\r\n\r\nSed egestas leo eu nulla porttitor, nec dignissim velit ullamcorper. Aliquam rhoncus sem sit amet mauris vehicula mollis. Integer ultricies arcu at lectus condimentum cursus. Mauris velit turpis, mattis eget facilisis vitae, vestibulum non nisl. Maecenas facilisis metus luctus, volutpat turpis vel, tristique lacus. Morbi molestie ac mi at elementum. Pellentesque vel libero malesuada ex consectetur rutrum ut eget arcu. Ut sed sollicitudin mi. Vivamus euismod sapien at consectetur blandit. Etiam nec tristique nulla. Nullam in sem ac dui pulvinar sodales. Morbi congue sit amet magna id porttitor. Donec in dignissim dolor. Nunc et magna nec dui volutpat facilisis nec sodales orci. ', 'Lorem ipsum dolor sit amet, consectetur adipiscing elit. Praesent accumsan ipsum non eros efficitur, quis bibendum felis bibendum. In vitae porttitor neque. Nam blandit, velit id iaculis ullamcorper, lacus mi interdum risus, a euismod turpis enim sit amet lectus. Maecenas sagittis eros non aliquam finibus. Suspendisse aliquam metus nisi, ', 'image.jpg', 2),
(6, 'Etablissement 5', ' Lorem ipsum dolor sit amet, consectetur adipiscing elit. Praesent accumsan ipsum non eros efficitur, quis bibendum felis bibendum. In vitae porttitor neque. Nam blandit, velit id iaculis ullamcorper, lacus mi interdum risus, a euismod turpis enim sit amet lectus. Maecenas sagittis eros non aliquam finibus. Suspendisse aliquam metus nisi, scelerisque pretium ex congue in. Phasellus quis dolor ac arcu dignissim tempus. Pellentesque eget libero sem. Quisque sagittis vel tellus vel congue. Ut quis malesuada magna. Maecenas id diam vestibulum, tempor tellus non, dapibus velit. Mauris pellentesque viverra erat ac congue. Proin vel elementum sapien. Donec vitae nibh velit.\r\n\r\nSed egestas leo eu nulla porttitor, nec dignissim velit ullamcorper. Aliquam rhoncus sem sit amet mauris vehicula mollis. Integer ultricies arcu at lectus condimentum cursus. Mauris velit turpis, mattis eget facilisis vitae, vestibulum non nisl. Maecenas facilisis metus luctus, volutpat turpis vel, tristique lacus. Morbi molestie ac mi at elementum. Pellentesque vel libero malesuada ex consectetur rutrum ut eget arcu. Ut sed sollicitudin mi. Vivamus euismod sapien at consectetur blandit. Etiam nec tristique nulla. Nullam in sem ac dui pulvinar sodales. Morbi congue sit amet magna id porttitor. Donec in dignissim dolor. Nunc et magna nec dui volutpat facilisis nec sodales orci. ', 'Lorem ipsum dolor sit amet, consectetur adipiscing elit. Praesent accumsan ipsum non eros efficitur, quis bibendum felis bibendum. In vitae porttitor neque. Nam blandit, velit id iaculis ullamcorper, lacus mi interdum risus, a euismod turpis enim sit amet lectus. Maecenas sagittis eros non aliquam finibus. Suspendisse aliquam metus nisi, ', 'image.jpg', 1);

-- --------------------------------------------------------

--
-- Structure de la table `images`
--

DROP TABLE IF EXISTS `images`;
CREATE TABLE IF NOT EXISTS `images` (
  `id` int NOT NULL AUTO_INCREMENT,
  `fichier` varchar(255) CHARACTER SET utf8mb4 COLLATE utf8mb4_general_ci NOT NULL,
  `id_etablissement` int NOT NULL,
  PRIMARY KEY (`id`)
) ENGINE=MyISAM AUTO_INCREMENT=3 DEFAULT CHARSET=utf8mb4 COLLATE=utf8mb4_general_ci;

--
-- Déchargement des données de la table `images`
--

INSERT INTO `images` (`id`, `fichier`, `id_etablissement`) VALUES
(1, 'image2.jpg', 1),
(2, 'image2.jpg', 1);
--
-- Base de données : `stock`
--
CREATE DATABASE IF NOT EXISTS `stock` DEFAULT CHARACTER SET utf8mb4 COLLATE utf8mb4_general_ci;
USE `stock`;

-- --------------------------------------------------------

--
-- Structure de la table `products`
--

DROP TABLE IF EXISTS `products`;
CREATE TABLE IF NOT EXISTS `products` (
  `id` int NOT NULL AUTO_INCREMENT,
  `title` varchar(100) COLLATE utf8mb4_general_ci NOT NULL,
  `date` date NOT NULL,
  `description` text COLLATE utf8mb4_general_ci NOT NULL,
  `category` varchar(60) COLLATE utf8mb4_general_ci NOT NULL,
  `cover_image` varchar(255) CHARACTER SET utf8mb4 COLLATE utf8mb4_general_ci DEFAULT NULL,
  `price` decimal(7,2) NOT NULL,
  PRIMARY KEY (`id`)
) ENGINE=MyISAM AUTO_INCREMENT=4 DEFAULT CHARSET=utf8mb4 COLLATE=utf8mb4_general_ci;

--
-- Déchargement des données de la table `products`
--

INSERT INTO `products` (`id`, `title`, `date`, `description`, `category`, `cover_image`, `price`) VALUES
(1, 'produit 1', '2024-11-15', 'une petite description', 'Catégorie 1', 'image.jpg', '15.50'),
(2, 'produit 2', '2024-11-13', 'petite description', 'Catégorie 1', 'image2.jpg', '25.50'),
(3, 'produit 3', '2024-11-14', 'une description de test', 'Catégorie 2', 'image3.jpg', '150.25');
--
-- Base de données : `stock2`
--
CREATE DATABASE IF NOT EXISTS `stock2` DEFAULT CHARACTER SET utf8mb4 COLLATE utf8mb4_general_ci;
USE `stock2`;

-- --------------------------------------------------------

--
-- Structure de la table `admin`
--

DROP TABLE IF EXISTS `admin`;
CREATE TABLE IF NOT EXISTS `admin` (
  `id` int NOT NULL AUTO_INCREMENT,
  `login` varchar(60) CHARACTER SET utf8mb4 COLLATE utf8mb4_general_ci NOT NULL,
  `password` varchar(255) CHARACTER SET utf8mb4 COLLATE utf8mb4_general_ci NOT NULL,
  PRIMARY KEY (`id`)
) ENGINE=MyISAM AUTO_INCREMENT=6 DEFAULT CHARSET=utf8mb4 COLLATE=utf8mb4_general_ci;

--
-- Déchargement des données de la table `admin`
--

INSERT INTO `admin` (`id`, `login`, `password`) VALUES
(1, 'admin', '$2y$10$JuZZ5jER675S27RbEElCm.6eqqDckF3kDlyaoVHccMCUNC0TUMi6K'),
(4, 'admin23', '$2y$10$WkU45GBV7KW52.d3BACVdOumNn.WHyUxmhrb9A2rRKAqsL5hcVZya');

-- --------------------------------------------------------

--
-- Structure de la table `categories`
--

DROP TABLE IF EXISTS `categories`;
CREATE TABLE IF NOT EXISTS `categories` (
  `id` int NOT NULL AUTO_INCREMENT,
  `title` varchar(60) COLLATE utf8mb4_general_ci NOT NULL,
  PRIMARY KEY (`id`)
) ENGINE=MyISAM AUTO_INCREMENT=4 DEFAULT CHARSET=utf8mb4 COLLATE=utf8mb4_general_ci;

--
-- Déchargement des données de la table `categories`
--

INSERT INTO `categories` (`id`, `title`) VALUES
(1, 'test 23'),
(3, 'test 35');

-- --------------------------------------------------------

--
-- Structure de la table `contact`
--

DROP TABLE IF EXISTS `contact`;
CREATE TABLE IF NOT EXISTS `contact` (
  `id` int NOT NULL AUTO_INCREMENT,
  `nom` varchar(100) CHARACTER SET utf8mb4 COLLATE utf8mb4_general_ci NOT NULL,
  `email` varchar(255) CHARACTER SET utf8mb4 COLLATE utf8mb4_general_ci NOT NULL,
  `sujet` varchar(255) CHARACTER SET utf8mb4 COLLATE utf8mb4_general_ci NOT NULL,
  `message` text CHARACTER SET utf8mb4 COLLATE utf8mb4_general_ci NOT NULL,
  `date` datetime NOT NULL,
  PRIMARY KEY (`id`)
) ENGINE=MyISAM AUTO_INCREMENT=7 DEFAULT CHARSET=utf8mb4 COLLATE=utf8mb4_general_ci;

--
-- Déchargement des données de la table `contact`
--

INSERT INTO `contact` (`id`, `nom`, `email`, `sujet`, `message`, `date`) VALUES
(1, 'Berti Jordan', 'berti@epse.be', 'sujet 4', 'test', '2024-02-22 08:34:46'),
(2, 'test', 'test@epse.be', 'sujet 1', 'test', '2024-02-22 08:57:09'),
(6, 'Jordan', 'berti@epse.be', 'sujet 1', 'test d&#039;un message', '2024-09-12 11:55:28');

-- --------------------------------------------------------

--
-- Structure de la table `images`
--

DROP TABLE IF EXISTS `images`;
CREATE TABLE IF NOT EXISTS `images` (
  `id` int NOT NULL AUTO_INCREMENT,
  `fichier` varchar(255) CHARACTER SET utf8mb4 COLLATE utf8mb4_general_ci NOT NULL,
  `id_produit` int NOT NULL,
  PRIMARY KEY (`id`)
) ENGINE=MyISAM AUTO_INCREMENT=35 DEFAULT CHARSET=utf8mb4 COLLATE=utf8mb4_general_ci;

-- --------------------------------------------------------

--
-- Structure de la table `products`
--

DROP TABLE IF EXISTS `products`;
CREATE TABLE IF NOT EXISTS `products` (
  `id` int NOT NULL AUTO_INCREMENT,
  `nom` varchar(255) CHARACTER SET utf8mb4 COLLATE utf8mb4_general_ci NOT NULL,
  `categorie` int NOT NULL,
  `fichier` varchar(255) CHARACTER SET utf8mb4 COLLATE utf8mb4_general_ci NOT NULL,
  `description` text CHARACTER SET utf8mb4 COLLATE utf8mb4_general_ci NOT NULL,
  `date` date NOT NULL,
  `prix` decimal(6,2) NOT NULL,
  PRIMARY KEY (`id`),
  KEY `categorie` (`categorie`)
) ENGINE=MyISAM AUTO_INCREMENT=26 DEFAULT CHARSET=utf8mb4 COLLATE=utf8mb4_general_ci;

--
-- Déchargement des données de la table `products`
--

INSERT INTO `products` (`id`, `nom`, `categorie`, `fichier`, `description`, `date`, `prix`) VALUES
(22, 'produit 1', 3, '2122079536gratisography-cyber-kitty-800x525.jpg', 'test', '2024-09-12', '500.00'),
(23, 'Produit 2', 3, '1185757582Lion-d-Afrique.jpg', 'test', '2024-09-12', '350.00'),
(24, 'test avec lien', 1, '1413340620photo-1533450718592-29d45635f0a9.jpg', '&lt;a href=&#039;https://www.epse.be&#039;&gt;lien vers site&lt;/a&gt;', '2024-09-12', '500.00'),
(25, 'ajout avec lien', 1, '346587535Lion-d-Afrique.jpg', '<a href=\'https://www.epse.be\'>lien vers site</a>', '2024-09-12', '50.00');
COMMIT;

/*!40101 SET CHARACTER_SET_CLIENT=@OLD_CHARACTER_SET_CLIENT */;
/*!40101 SET CHARACTER_SET_RESULTS=@OLD_CHARACTER_SET_RESULTS */;
/*!40101 SET COLLATION_CONNECTION=@OLD_COLLATION_CONNECTION */;
